Acc_X,Acc_Y,Acc_Z,Rot_X,Rot_Y,Rot_Z,tempC,time,lat,lng,alt,speed_kmh,satellite_amount;
8.28,0.70,-1.83,-0.19,0.80,1.13,29.43,20:51:31,48.223833667,15.630612000,266.50,4.13,6;
7.22,0.35,-0.66,-0.13,-0.16,0.28,29.43,20:51:31,48.223833667,15.630612000,266.50,4.13,6;
12.47,-0.70,1.47,-0.21,-0.20,-0.04,29.43,20:51:31,48.223833667,15.630612000,266.50,4.13,6;
10.11,0.69,-0.64,-0.53,0.46,0.41,29.43,20:51:34,48.223859167,15.630652333,266.50,6.04,6;
7.30,1.25,-0.65,0.24,-0.11,-0.10,29.44,20:51:35,48.223865167,15.630662333,266.50,5.09,6;
9.60,1.50,0.67,0.04,-0.23,-0.40,29.42,20:51:36,48.223872333,15.630673167,267.80,5.00,6;
10.93,1.32,0.05,0.16,0.15,0.25,29.43,20:51:37,48.223877000,15.630674667,268.70,4.30,6;
8.62,-0.16,-0.29,-0.12,-0.09,-0.05,29.42,20:51:38,48.223886500,15.630688667,268.70,4.56,6;
10.05,-1.08,-0.44,-0.13,0.07,-0.22,29.44,20:51:39,48.223890167,15.630707333,269.40,4.19,6;
10.34,-1.09,-2.43,-0.02,0.07,-0.10,29.44,20:51:40,48.223892167,15.630721000,268.60,4.19,6;
8.33,0.10,0.71,0.06,-0.29,0.29,29.44,20:51:41,48.223889833,15.630747500,270.00,3.61,6;
11.97,2.70,0.78,0.41,0.45,-0.74,29.43,20:51:42,48.223889500,15.630759333,270.80,4.07,6;
8.27,2.07,-0.85,0.09,-0.08,-0.35,29.43,20:51:43,48.223898000,15.630772500,271.80,4.19,6;
8.99,2.46,1.57,-0.61,-0.16,-0.19,29.44,20:51:45,48.223905500,15.630800000,271.20,4.19,6;
12.47,0.80,-0.41,-0.22,0.01,0.29,29.43,20:51:45,48.223905500,15.630800000,271.20,4.19,6;
7.04,-0.67,-0.34,0.17,-0.12,-0.03,29.44,20:51:45,48.223905500,15.630800000,271.20,4.19,6;
8.94,-0.75,0.76,0.24,-0.40,-0.41,29.43,20:51:48,48.223913167,15.630850500,271.20,4.72,6;
9.58,1.25,-1.63,0.48,0.36,0.38,29.43,20:51:49,48.223924333,15.630864000,272.50,4.35,6;
9.05,1.86,-0.81,-0.13,0.12,0.04,29.43,20:51:50,48.223927667,15.630878167,272.70,3.70,6;
10.68,1.02,0.04,-0.75,-0.23,-0.25,29.42,20:51:51,48.223929833,15.630892000,272.70,4.20,6;
8.76,2.30,-0.95,-0.27,-0.11,0.17,29.42,20:51:52,48.223934167,15.630906167,272.70,4.44,6;
7.35,2.90,-1.09,-0.42,0.55,-0.17,29.41,20:51:53,48.223938500,15.630915333,272.00,3.48,6;
8.84,-4.10,1.68,3.42,-0.74,-0.57,29.41,20:51:54,48.223942500,15.630925667,272.20,3.07,6;
9.05,-1.32,2.51,0.60,-2.57,-0.52,29.42,20:51:55,48.223945000,15.630927333,271.90,1.80,6;
8.99,-1.56,4.11,-0.23,-0.07,0.71,29.40,20:51:57,48.223954667,15.630937167,271.30,3.61,6;
7.64,-3.27,2.81,1.60,-0.18,-0.25,29.40,20:51:57,48.223954667,15.630937167,271.00,3.61,6;
10.65,-2.66,3.67,0.74,0.24,0.29,29.39,20:51:57,48.223954667,15.630937167,271.00,3.61,6;
8.62,-2.89,3.05,-0.42,-0.11,0.11,29.39,20:51:57,48.223954667,15.630937167,271.00,3.61,6;
6.68,-2.09,1.23,-0.38,-0.05,-0.21,29.39,20:51:57,48.223954667,15.630937167,271.00,3.61,6;
8.81,-1.74,3.12,-1.02,0.64,-0.22,29.39,20:52:02,48.223973333,15.631013500,271.00,4.48,6;
11.74,-0.07,6.44,0.04,-0.76,-0.05,29.39,20:52:03,48.223978833,15.631024333,270.10,3.83,6;
6.39,-2.37,2.31,0.12,-0.31,0.13,29.37,20:52:04,48.223982167,15.631037833,269.40,4.43,6;
7.96,-3.10,3.10,1.18,0.29,-0.00,29.38,20:52:05,48.223988333,15.631052833,269.30,4.67,6;
12.83,-3.30,5.40,0.01,-0.24,0.14,29.37,20:52:06,48.223992000,15.631067167,270.30,3.37,6;
7.37,-2.43,3.00,-0.78,0.13,-0.02,29.37,20:52:07,48.223996667,15.631077833,269.90,4.22,6;
8.11,-3.34,0.46,0.11,0.25,-0.19,29.36,20:52:08,48.224001000,15.631087000,269.80,3.48,6;
9.81,-2.05,2.59,-0.81,0.61,-0.17,29.35,20:52:09,48.224005833,15.631100500,269.70,5.19,6;
10.93,-0.36,5.17,0.60,-0.77,0.16,29.35,20:52:11,48.224010667,15.631139833,270.20,3.91,6;
6.84,-3.14,1.78,0.48,-0.24,0.35,29.32,20:52:12,48.224014333,15.631157833,271.40,3.91,6;
8.64,-2.67,4.02,1.38,0.61,0.01,29.32,20:52:12,48.224014333,15.631157833,271.40,3.91,6;
10.12,-3.30,4.11,-0.45,-0.06,0.09,29.33,20:52:12,48.224014333,15.631157833,271.40,3.91,6;
7.11,-2.88,1.13,0.23,-0.03,-0.07,29.32,20:52:15,48.224039000,15.631192167,271.40,6.07,6;
9.67,-3.43,3.31,-0.96,1.00,-0.30,29.31,20:52:16,48.224049833,15.631204667,271.40,5.74,6;
13.75,-1.84,3.29,-0.15,-0.24,-0.07,29.30,20:52:17,48.224055667,15.631219333,271.70,3.98,6;
9.80,-0.82,3.25,-0.49,-0.32,0.16,29.29,20:52:18,48.224061000,15.631234333,272.10,4.91,6;
6.56,-3.06,1.21,0.68,-0.12,0.13,29.29,20:52:19,48.224070667,15.631253500,272.30,6.48,6;
7.93,-3.61,2.70,0.79,0.15,-0.12,29.27,20:52:20,48.224075833,15.631273167,272.40,5.04,6;
12.34,-2.47,4.53,0.02,-0.23,0.05,29.27,20:52:21,48.224075500,15.631290667,272.50,4.46,6;
9.61,-3.10,3.23,-0.15,-0.35,0.18,29.25,20:52:22,48.224082000,15.631304667,272.80,4.35,6;
6.29,-2.51,0.97,0.16,-0.04,-0.06,29.25,20:52:23,48.224083000,15.631312833,272.40,3.93,6;
10.24,-3.01,1.99,-1.22,0.95,-0.14,29.24,20:52:24,48.224086000,15.631330667,272.60,4.07,6;
12.02,-2.61,3.29,-0.07,0.11,-0.21,29.23,20:52:26,48.224095333,15.631364167,272.60,4.07,6;
9.50,-1.80,3.22,-1.11,-0.07,0.06,29.22,20:52:26,48.224095333,15.631364167,272.60,4.07,6;
7.09,-3.58,1.23,0.94,-0.29,0.20,29.22,20:52:26,48.224095333,15.631364167,272.60,4.07,6;
8.07,-3.69,3.46,0.92,0.28,-0.08,29.21,20:52:29,48.224119667,15.631400833,272.60,7.00,6;
12.44,-3.14,5.11,0.34,-0.44,0.06,29.21,20:52:30,48.224130000,15.631410667,272.10,4.20,6;
6.75,-3.01,2.67,-0.51,0.15,0.18,29.19,20:52:31,48.224138500,15.631414667,271.70,5.33,6;
6.42,-3.28,-0.11,-0.14,-0.04,-0.12,29.18,20:52:32,48.224138500,15.631425333,271.40,3.35,6;
9.25,-3.95,1.59,-0.15,0.72,-0.43,29.18,20:52:33,48.224141833,15.631441500,271.60,3.37,6;
12.67,-3.03,2.86,-0.09,0.13,-0.20,29.18,20:52:34,48.224147667,15.631457000,272.30,4.65,6;
11.30,-1.53,3.27,-0.70,-0.44,0.24,29.16,20:52:35,48.224149500,15.631475000,272.40,4.32,6;
7.44,-3.69,0.88,0.09,-0.22,0.26,29.15,20:52:36,48.224160833,15.631491833,272.00,6.07,6;
5.77,-3.26,2.19,1.69,-0.40,-0.21,29.16,20:52:38,48.224176833,15.631520000,271.50,3.76,6;
9.27,-3.15,2.80,0.89,0.74,-0.13,29.15,20:52:38,48.224176833,15.631520000,271.70,3.76,6;
11.28,-2.60,4.60,-0.70,0.03,0.13,29.13,20:52:39,48.224179833,15.631535833,271.90,3.76,6;
5.05,-3.53,1.40,-0.98,-0.12,0.10,29.13,20:52:39,48.224179833,15.631535833,271.90,3.76,6;
10.62,-4.34,1.68,0.23,0.90,-0.16,29.11,20:52:39,48.224179833,15.631535833,271.90,3.76,6;
11.90,-2.75,4.76,-0.40,-0.37,-0.01,29.11,20:52:43,48.224184500,15.631617500,271.90,4.06,6;
7.26,-4.01,1.43,0.01,-0.29,0.26,29.10,20:52:44,48.224186500,15.631633500,272.50,4.52,6;
7.14,-4.53,2.35,1.53,-0.02,-0.10,29.09,20:52:45,48.224189333,15.631653000,273.30,5.04,6;
9.58,-1.93,4.03,-0.25,0.19,-0.01,29.07,20:52:46,48.224203500,15.631665333,273.40,4.96,6;
11.28,-2.99,3.65,-0.41,-0.31,0.16,29.07,20:52:47,48.224211500,15.631683333,274.10,5.43,6;
8.14,-2.43,0.72,1.28,0.05,-0.26,29.07,20:52:48,48.224216000,15.631701500,274.50,4.39,6;
8.58,-3.90,2.45,-0.94,1.07,-0.30,29.07,20:52:49,48.224221167,15.631718333,274.20,5.43,6;
13.84,-2.31,5.21,-0.00,-0.27,-0.20,29.05,20:52:50,48.224224500,15.631737500,273.90,5.70,6;
7.41,-2.36,2.76,-0.64,-0.16,0.23,29.04,20:52:52,48.224237667,15.631762167,273.60,4.89,6;
7.34,-4.00,2.02,0.79,-0.05,-0.14,29.04,20:52:52,48.224237667,15.631762167,274.60,4.89,6;
9.29,-2.51,3.11,0.60,0.07,-0.09,29.04,20:52:53,48.224243333,15.631775500,273.20,4.89,6;
10.23,-1.85,5.10,-0.41,0.62,0.19,29.02,20:52:53,48.224243333,15.631775500,273.20,4.89,6;
7.68,-0.01,-2.82,-1.42,2.55,-1.68,29.01,20:52:56,48.224254167,15.631816000,273.20,6.70,6;
12.71,2.56,0.14,1.43,2.41,-0.71,29.00,20:52:57,48.224262167,15.631822167,273.20,3.87,6;
9.50,0.09,3.99,0.12,0.08,0.15,29.02,20:52:58,48.224277333,15.631816167,265.30,7.50,6;
8.49,-2.74,1.45,-3.24,0.68,-0.26,28.99,20:52:59,48.224288500,15.631830500,264.70,5.35,6;
6.82,0.78,-2.74,0.04,0.33,0.22,28.99,20:53:00,48.224294833,15.631846167,264.00,4.02,6;
9.57,0.89,-3.05,0.13,-0.25,-0.02,28.98,20:53:01,48.224296833,15.631866167,265.10,4.32,6;
10.83,2.66,-3.74,1.24,0.37,-0.03,28.97,20:53:02,48.224296167,15.631881333,264.50,4.00,6;
9.48,2.16,3.02,1.21,-1.96,-2.00,28.97,20:53:03,48.224297167,15.631899833,264.30,4.02,6;
6.54,1.10,0.80,-1.13,0.71,-0.82,28.96,20:53:04,48.224301000,15.631915333,264.00,4.09,6;
9.37,2.08,1.75,-0.44,-0.66,-3.12,28.94,20:53:05,48.224304500,15.631922667,263.30,2.87,6;
13.54,2.15,0.79,-1.73,0.24,-2.12,28.94,20:53:07,48.224327500,15.631947833,262.70,2.87,6;
9.33,1.33,1.17,-0.54,0.05,-0.53,28.93,20:53:07,48.224327500,15.631947833,262.70,2.87,6;
6.44,2.42,1.19,1.29,-0.11,0.30,28.94,20:53:07,48.224327500,15.631947833,262.70,2.87,6;
8.54,1.60,-0.04,0.71,-0.53,0.05,28.94,20:53:10,48.224342500,15.631988333,262.70,3.52,6;
13.09,3.51,3.73,-0.89,1.33,-2.04,28.94,20:53:11,48.224348667,15.631997167,263.10,3.65,6;
1.67,3.87,7.86,-0.33,3.09,1.22,28.93,20:53:12,48.224354333,15.632013333,263.90,3.20,6;
4.66,1.12,13.73,-1.21,-0.87,-0.54,28.92,20:53:13,48.224357667,15.632019000,264.00,1.93,6;
9.66,1.75,2.81,-1.14,-0.82,0.23,28.91,20:53:14,48.224363000,15.632045000,265.70,6.44,6;
5.34,-0.42,3.21,0.17,1.47,-0.24,28.91,20:53:15,48.224372833,15.632068833,265.50,5.06,6;
7.70,0.95,4.52,0.23,0.33,-0.13,28.91,20:53:16,48.224378000,15.632086500,265.70,4.39,6;
10.16,-0.41,7.23,0.65,0.41,0.48,28.89,20:53:17,48.224381833,15.632099167,265.50,4.15,6;
4.34,5.16,1.17,0.90,0.74,-0.40,28.88,20:53:18,48.224386500,15.632119833,266.00,4.61,6;
4.17,3.00,-3.78,0.58,-0.50,-1.54,28.87,20:53:19,48.224390167,15.632158167,267.60,5.22,6;
-5.93,10.79,-1.89,-0.16,-0.96,0.06,28.88,20:53:21,48.224397500,15.632183333,267.10,5.22,6;
-3.32,4.42,-5.35,0.17,1.28,0.60,28.86,20:53:21,48.224397500,15.632183333,267.10,5.22,6;
-6.97,6.52,-2.45,-3.15,-0.18,-0.12,28.87,20:53:21,48.224397500,15.632183333,267.10,5.22,6;
-4.14,7.82,-1.39,-1.06,-1.20,-0.35,28.86,20:53:24,48.224406333,15.632215667,267.10,2.39,6;
-0.36,13.02,-0.61,0.39,1.25,0.97,28.84,20:53:25,48.224412833,15.632232000,267.10,4.59,6;
1.61,8.12,-0.30,-0.38,-1.04,-0.21,28.84,20:53:26,48.224418833,15.632244833,267.70,2.98,6;
0.95,6.22,1.59,0.33,0.31,-0.45,28.85,20:53:27,48.224421833,15.632260833,268.00,4.37,6;
2.13,11.75,0.71,-0.01,-0.91,-0.29,28.85,20:53:28,48.224420000,15.632282667,268.50,4.50,6;
2.72,8.88,-0.43,-0.14,-0.15,0.07,28.83,20:53:29,48.224426500,15.632292500,268.30,4.32,6;
0.78,8.38,-0.50,-0.11,0.57,0.09,28.84,20:53:30,48.224431333,15.632308500,268.50,4.67,6;
-2.15,9.54,-0.87,0.20,0.73,0.03,28.83,20:53:31,48.224442000,15.632317333,267.50,3.26,6;
1.98,11.15,-2.08,0.19,-0.03,-0.36,28.81,20:53:33,48.224455500,15.632337333,265.50,2.33,6;
1.16,6.26,-0.55,-0.20,-0.56,0.19,28.82,20:53:33,48.224455500,15.632337333,265.70,2.33,6;
-1.08,8.49,3.17,0.17,-0.58,0.15,28.81,20:53:33,48.224455500,15.632337333,265.70,2.33,6;
2.02,13.33,-0.66,0.03,-0.92,0.23,28.81,20:53:33,48.224455500,15.632337333,265.70,2.33,6;
0.65,6.65,-0.95,-0.05,0.15,0.21,28.81,20:53:33,48.224455500,15.632337333,265.70,2.33,6;
0.60,10.06,-0.63,0.01,1.12,-0.15,28.80,20:53:38,48.224487167,15.632375667,265.70,1.87,6;
-0.36,11.59,-1.05,0.31,0.29,-0.04,28.78,20:53:39,48.224487667,15.632388167,264.40,3.33,6;
1.39,8.09,-3.96,-0.12,-0.02,-0.13,28.79,20:53:40,48.224490667,15.632405833,264.90,3.09,6;
0.49,7.78,-1.12,-0.18,-0.32,0.02,28.79,20:53:41,48.224497167,15.632412667,265.20,3.07,6;
0.41,8.55,1.28,0.03,-0.87,0.13,28.77,20:53:42,48.224505833,15.632420833,265.00,1.69,6;
1.40,11.08,-1.10,0.00,-0.28,-0.01,28.77,20:53:43,48.224508833,15.632438833,265.10,2.39,6;
0.59,8.04,-0.29,-0.11,0.15,0.12,28.76,20:53:44,48.224515167,15.632452667,265.10,2.67,6;
-1.95,8.63,0.20,-0.06,1.15,0.06,28.75,20:53:45,48.224521167,15.632463000,265.20,2.89,6;
2.09,12.94,-1.21,0.20,0.01,-0.17,28.75,20:53:47,48.224538167,15.632494167,264.90,2.33,6;
1.68,8.67,-1.92,-0.35,-0.01,-0.10,28.75,20:53:47,48.224538167,15.632494167,264.90,2.33,6;
1.16,9.12,2.45,0.15,-0.78,0.02,28.74,20:53:48,48.224543833,15.632507667,264.80,2.33,6;
2.06,13.67,-1.16,0.08,-0.58,-0.03,28.73,20:53:48,48.224543833,15.632507667,264.80,2.33,6;
1.23,8.76,-0.59,-0.11,0.17,-0.15,28.74,20:53:48,48.224543833,15.632507667,264.80,2.33,6;
0.53,10.66,1.50,-0.03,0.85,-0.25,28.72,20:53:52,48.224565833,15.632558000,264.80,3.28,6;
2.41,12.92,-0.99,0.23,0.49,0.22,28.72,20:53:53,48.224571833,15.632575667,264.80,4.35,6;
2.21,9.64,-0.91,0.01,-0.09,-0.18,28.72,20:53:54,48.224577667,15.632593833,264.20,4.37,6;
1.55,8.08,0.17,0.11,-0.72,0.14,28.70,20:53:55,48.224587000,15.632605500,264.00,4.46,6;
-0.71,9.02,3.45,0.31,-0.31,0.15,28.71,20:53:56,48.224590333,15.632619667,264.00,3.09,6;
1.16,11.26,-2.01,0.03,-0.26,0.11,28.71,20:53:57,48.224593333,15.632633500,264.00,3.57,6;
0.68,7.90,-1.61,-0.12,0.33,0.12,28.71,20:53:58,48.224599833,15.632642667,263.90,3.43,6;
-0.95,10.02,0.67,-0.18,1.07,-0.31,28.68,20:53:59,48.224599333,15.632660667,263.90,3.80,6;
0.94,12.58,-3.75,0.33,0.17,-0.17,28.69,20:54:00,48.224604833,15.632684167,264.20,4.48,6;
0.96,8.38,-3.63,-0.03,0.14,-0.43,28.68,20:54:02,48.224620167,15.632735833,266.20,4.48,6;
1.07,6.18,-0.51,-0.16,-0.27,0.03,28.67,20:54:02,48.224620167,15.632735833,266.20,4.48,6;
-0.42,8.15,1.53,0.13,-0.43,0.12,28.67,20:54:02,48.224620167,15.632735833,266.20,4.48,6;
1.30,13.23,-1.91,-0.05,-0.38,0.07,28.66,20:54:02,48.224620167,15.632735833,266.20,4.48,6;
0.38,7.76,-0.82,0.05,0.30,0.21,28.67,20:54:06,48.224623167,15.632806833,266.20,2.85,6;
0.96,10.36,-0.70,-0.09,0.54,-0.29,28.64,20:54:07,48.224629167,15.632822833,265.80,4.04,6;
-0.80,10.99,-1.70,0.23,0.49,-0.01,28.64,20:54:08,48.224636167,15.632840500,265.80,4.43,6;
1.40,8.43,-4.15,-0.10,-0.20,-0.32,28.62,20:54:09,48.224643000,15.632862000,266.10,4.70,6;
0.58,8.31,-1.24,-0.04,-0.57,0.02,28.62,20:54:10,48.224647833,15.632873667,265.90,3.48,6;
0.38,12.37,-0.46,0.22,-0.65,0.08,28.64,20:54:11,48.224649667,15.632883667,265.70,2.33,6;
0.96,8.24,-1.18,-0.05,-0.33,0.06,28.62,20:54:12,48.224654667,15.632899333,265.80,4.30,6;
1.41,10.44,-0.96,-0.19,0.38,-0.19,28.62,20:54:13,48.224660000,15.632914500,265.70,3.80,6;
-0.20,9.59,-1.73,0.33,0.43,-0.11,28.61,20:54:14,48.224666500,15.632944667,266.20,5.28,6;
0.86,9.75,-4.27,-0.08,0.20,-0.52,28.61,20:54:16,48.224665167,15.632966667,265.60,5.28,6;
0.63,7.79,-1.29,-0.11,-0.45,0.00,28.62,20:54:16,48.224665167,15.632966667,265.60,5.28,6;
0.32,8.46,1.72,0.27,-0.76,0.20,28.59,20:54:16,48.224665167,15.632966667,265.60,5.28,6;
0.72,9.94,-1.62,-0.07,-0.37,0.01,28.59,20:54:16,48.224665167,15.632966667,265.60,5.28,6;
0.58,8.33,-1.39,-0.04,0.50,0.25,28.58,20:54:20,48.224684500,15.633013333,265.60,1.94,6;
-1.50,8.38,-0.80,0.17,0.78,-0.14,28.58,20:54:21,48.224688167,15.633024333,265.90,2.63,6;
1.66,11.34,-2.04,0.05,0.67,-0.62,28.58,20:54:22,48.224692333,15.633036000,266.10,2.19,6;
0.92,7.30,-1.19,-0.24,-0.31,0.13,28.56,20:54:23,48.224695333,15.633048000,265.80,3.48,6;
-0.64,7.71,2.20,0.22,-0.74,0.38,28.55,20:54:24,48.224700333,15.633058833,265.40,2.02,6;
1.80,10.82,-1.76,-0.10,-0.16,-0.11,28.56,20:54:25,48.224706500,15.633072500,265.30,2.80,6;
-0.01,8.71,-0.95,-0.06,0.94,0.13,28.54,20:54:26,48.224713000,15.633080500,265.10,1.41,6;
-2.17,7.97,-0.83,-0.04,0.96,-0.06,28.54,20:54:28,48.224726500,15.633106167,265.00,2.04,6;
1.72,9.55,-2.31,0.10,0.21,-0.46,28.54,20:54:28,48.224726500,15.633106167,264.60,2.04,6;
0.68,7.94,-2.05,0.01,-0.49,0.04,28.52,20:54:29,48.224729833,15.633116833,264.70,2.04,6;
0.97,13.86,-1.25,0.04,-0.84,0.17,28.52,20:54:29,48.224729833,15.633116833,264.70,2.04,6;
0.82,7.35,-1.19,-0.09,-0.00,-0.03,28.52,20:54:29,48.224729833,15.633116833,264.70,2.04,6;
1.37,8.68,-0.59,-0.06,0.80,-0.40,28.52,20:54:29,48.224729833,15.633116833,264.70,2.04,6;
-3.03,9.24,-0.71,0.16,0.89,0.13,28.50,20:54:34,48.224754833,15.633185333,264.70,4.28,6;
3.68,11.14,-1.50,0.06,0.29,-0.23,28.49,20:54:35,48.224761833,15.633190667,264.70,2.70,6;
1.71,7.72,0.22,0.02,-0.62,0.01,28.49,20:54:36,48.224769500,15.633197333,263.70,2.85,6;
0.16,9.07,2.15,0.11,-0.90,0.01,28.49,20:54:37,48.224771667,15.633193667,262.80,1.70,6;
2.29,12.82,-0.70,-0.01,-1.25,-0.25,28.47,20:54:38,48.224775833,15.633200167,262.70,1.94,6;
0.77,7.90,-0.66,-0.06,-0.03,0.16,28.47,20:54:39,48.224779000,15.633218500,262.50,3.13,6;
0.62,9.33,-0.78,0.19,0.12,-0.05,28.47,20:54:40,48.224783333,15.633229333,262.20,2.59,6;
-1.89,9.15,-1.37,0.37,1.13,0.02,28.45,20:54:42,48.224788333,15.633253167,262.10,1.17,6;
1.36,10.23,-2.61,0.02,0.20,-0.15,28.44,20:54:42,48.224788333,15.633253167,261.80,1.17,6;
1.17,6.95,-0.93,-0.12,0.01,0.02,28.45,20:54:42,48.224788333,15.633253167,261.80,1.17,6;
0.42,9.42,2.32,-0.12,-0.23,-0.07,28.42,20:54:42,48.224788333,15.633253167,261.80,1.17,6;
1.96,11.68,-0.82,-0.07,-0.46,0.17,28.43,20:54:42,48.224788333,15.633253167,261.80,1.17,6;
1.53,7.74,-0.51,0.05,0.03,0.06,28.41,20:54:42,48.224788333,15.633253167,261.80,1.17,6;
-1.45,10.82,-1.09,-0.12,1.62,-0.28,28.42,20:54:48,48.224828500,15.633343667,261.80,3.11,6;
1.27,12.18,-3.10,0.31,0.29,-0.44,28.42,20:54:49,48.224836667,15.633361833,265.10,3.48,6;
1.60,7.42,-2.29,-0.36,-0.25,0.01,28.41,20:54:50,48.224842167,15.633382500,265.60,4.65,6;
0.97,8.15,-1.29,0.00,-0.63,0.07,28.41,20:54:51,48.224849500,15.633398500,266.20,3.56,6;
0.62,10.06,0.59,0.18,-0.35,0.11,28.40,20:54:52,48.224853333,15.633412500,266.60,3.35,6;
1.13,9.91,-2.17,0.02,-0.34,0.01,28.39,20:54:53,48.224854000,15.633434000,267.10,4.61,6;
0.87,8.97,-1.68,-0.13,0.45,0.05,28.38,20:54:54,48.224858833,15.633455000,267.40,3.20,6;
-2.23,9.99,-0.89,-0.11,0.91,0.14,28.39,20:54:55,48.224872667,15.633466167,267.60,4.46,6;
1.95,10.75,-3.17,0.05,0.37,-0.52,28.39,20:54:55,48.224872667,15.633466167,267.60,4.46,6;
0.82,6.88,-1.34,-0.30,-0.27,0.26,28.37,20:54:55,48.224872667,15.633466167,267.60,4.46,6;
-0.46,8.21,2.40,0.13,-0.43,0.16,28.35,20:54:55,48.224872667,15.633466167,267.60,4.46,6;
1.57,12.20,-1.87,-0.06,-0.66,-0.12,28.35,20:54:55,48.224872667,15.633466167,267.60,4.46,6;
0.26,6.98,-0.20,-0.12,-0.01,0.14,28.34,20:54:55,48.224872667,15.633466167,267.60,4.46,6;
-2.59,9.91,0.29,0.02,1.65,-0.08,28.34,20:55:02,48.224902167,15.633572000,267.60,3.28,6;
0.74,13.05,-3.24,0.27,0.59,-0.37,28.32,20:55:03,48.224907000,15.633586833,265.70,2.72,6;
2.29,9.31,-2.96,-0.20,-0.05,-0.31,28.33,20:55:04,48.224923667,15.633598667,266.30,10.30,6;
1.08,6.39,-1.14,-0.32,-0.49,0.04,28.32,20:55:05,48.224939333,15.633614167,266.70,5.09,6;
1.24,9.40,3.48,0.09,-0.46,0.05,28.32,20:55:06,48.224945833,15.633628167,267.30,3.41,6;
2.67,14.34,-1.68,0.14,-0.82,0.20,28.31,20:55:07,48.224948833,15.633643167,266.70,3.82,6;
0.98,7.55,-1.25,-0.23,0.32,-0.06,28.29,20:55:09,48.224958000,15.633662833,265.90,2.30,6;
1.73,11.42,0.21,-0.04,0.59,-0.31,28.28,20:55:09,48.224958000,15.633662833,266.00,2.30,6;
0.09,11.20,-1.76,0.35,0.42,-0.09,28.29,20:55:10,48.224958833,15.633676500,264.80,2.30,6;
3.17,9.36,-1.43,-0.08,0.68,0.21,28.27,20:55:10,48.224958833,15.633676500,264.80,2.30,6;
2.00,7.82,-0.51,-0.00,-0.44,-0.01,28.27,20:55:10,48.224958833,15.633676500,264.80,2.30,6;
1.22,9.98,1.04,-0.03,-0.33,0.01,28.26,20:55:10,48.224958833,15.633676500,264.80,2.30,6;
1.30,12.13,-2.07,-0.10,-0.37,0.01,28.26,20:55:15,48.224975333,15.633749000,264.80,4.00,6;
-0.37,7.61,-0.30,-0.25,0.25,0.11,28.24,20:55:16,48.224973000,15.633770167,264.00,3.04,6;
1.84,9.98,0.53,-0.02,0.81,-0.47,28.23,20:55:17,48.224976833,15.633780667,263.50,2.28,6;
-1.67,9.74,-1.65,0.07,0.69,-0.10,28.24,20:55:18,48.224983500,15.633800333,264.00,2.07,6;
2.34,10.89,-3.35,0.01,0.22,-0.45,28.23,20:55:19,48.224987500,15.633822333,264.50,3.44,6;
1.63,7.21,-0.83,-0.47,-0.13,-0.00,28.22,20:55:20,48.224992833,15.633840333,264.60,2.59,6;
1.64,9.96,-1.08,-0.00,-1.04,0.06,28.22,20:55:21,48.224996000,15.633862333,264.70,2.65,6;
-0.52,10.75,-0.01,0.12,-0.10,0.21,28.21,20:55:23,48.225014167,15.633885333,264.80,3.15,6;
0.78,11.23,-1.35,-0.05,-0.47,0.24,28.20,20:55:23,48.225014167,15.633885333,264.60,3.15,6;
-0.07,7.68,-1.13,-0.28,0.56,0.27,28.19,20:55:23,48.225014167,15.633885333,264.60,3.15,6;
0.95,9.31,0.98,-0.04,0.61,-0.12,28.19,20:55:23,48.225014167,15.633885333,264.60,3.15,6;
-1.44,9.58,-1.43,0.16,0.18,-0.22,28.19,20:55:23,48.225014167,15.633885333,264.60,3.15,6;
1.52,11.57,-3.22,0.27,0.22,-0.27,28.17,20:55:23,48.225014167,15.633885333,264.60,3.15,6;
1.31,8.73,-2.01,0.14,0.09,-0.01,28.17,20:55:29,48.225030333,15.633979833,264.60,3.54,6;
0.33,6.31,-2.19,-0.16,-0.55,0.18,28.17,20:55:30,48.225036333,15.633993833,263.70,2.80,6;
0.16,8.89,1.13,0.08,-0.78,0.63,28.15,20:55:31,48.225044333,15.634011000,263.90,2.69,6;
1.47,12.84,-1.67,-0.07,-0.55,0.14,28.15,20:55:32,48.225050833,15.634028833,264.10,2.22,6;
0.29,7.08,-0.92,-0.04,0.03,0.06,28.14,20:55:33,48.225055667,15.634043333,264.60,3.28,6;
1.64,10.34,0.43,-0.30,0.84,-0.71,28.13,20:55:34,48.225059333,15.634054500,264.30,2.35,6;
-2.47,8.71,-1.12,-0.08,0.64,-0.13,28.13,20:55:35,48.225063833,15.634070000,264.20,3.35,6;
1.36,12.51,-2.57,0.23,0.21,0.06,28.12,20:55:36,48.225072667,15.634095333,264.80,4.04,6;
1.66,8.64,-2.29,0.11,-0.16,-0.04,28.12,20:55:38,48.225077500,15.634129333,265.30,4.04,6;
0.20,7.13,-0.51,0.19,-0.43,-0.02,28.12,20:55:38,48.225077500,15.634129333,265.30,4.04,6;
0.39,10.11,2.67,0.01,-0.62,0.26,28.10,20:55:38,48.225077500,15.634129333,265.30,4.04,6;
-0.14,14.20,-2.32,-0.07,-0.69,0.13,28.10,20:55:38,48.225077500,15.634129333,265.30,4.04,6;
0.41,8.18,-1.60,-0.19,-0.16,0.13,28.09,20:55:42,48.225087833,15.634180833,265.30,0.39,6;
-0.16,7.93,-0.43,-0.00,0.34,0.06,28.08,20:55:43,48.225090667,15.634185000,264.10,1.80,5;
0.79,11.35,-0.17,-0.24,0.77,-0.60,28.08,20:55:44,48.225093833,15.634183167,263.00,1.61,6;
-1.65,11.43,-3.66,0.11,0.79,-0.29,28.08,20:55:45,48.225116333,15.634199833,263.90,7.89,6;
0.99,8.96,-2.63,-0.02,0.20,-0.09,28.07,20:55:46,48.225124667,15.634210333,264.10,3.13,6;
0.56,9.28,-1.22,0.14,-0.17,0.09,28.05,20:55:47,48.225130833,15.634230167,264.20,3.13,6;
-0.45,14.50,-2.97,0.02,-0.60,0.32,28.04,20:55:48,48.225134333,15.634253833,264.40,3.70,6;
0.28,8.56,-1.83,-0.01,0.10,0.07,28.05,20:55:50,48.225144167,15.634278833,264.40,2.57,5;
1.17,9.66,-0.18,-0.17,0.33,-0.26,28.05,20:55:50,48.225144167,15.634278833,264.50,2.57,5;
0.21,10.65,-0.86,-0.01,0.38,-0.27,28.03,20:55:50,48.225144167,15.634278833,264.50,2.57,5;
1.81,9.62,0.42,0.25,0.01,0.04,28.02,20:55:50,48.225144167,15.634278833,264.50,2.57,5;
1.31,8.29,0.35,0.07,-0.14,-0.03,28.02,20:55:50,48.225144167,15.634278833,264.50,2.57,5;
-1.55,9.40,2.76,-0.05,-0.85,-0.11,28.00,20:55:50,48.225144167,15.634278833,264.50,2.57,5;
0.40,12.36,-1.01,-0.12,-0.79,0.17,27.99,20:55:50,48.225144167,15.634278833,264.50,2.57,5;
0.17,7.41,-1.43,0.02,-0.08,-0.06,27.99,20:55:57,48.225179833,15.634375167,264.50,3.33,5;
-0.83,10.09,-0.38,-0.27,1.25,-0.08,27.98,20:55:58,48.225181833,15.634393000,262.90,2.72,5;
0.75,11.53,-3.50,0.22,0.25,-0.22,27.98,20:55:59,48.225183500,15.634410667,263.30,2.67,6;
1.32,7.53,-2.31,0.16,-0.14,-0.12,27.97,20:56:00,48.225181833,15.634428667,263.30,2.98,6;
0.44,8.77,1.24,0.09,-0.21,0.38,27.97,20:56:01,48.225187000,15.634434000,263.20,2.61,6;
1.03,13.21,1.19,-0.18,-0.69,0.20,27.95,20:56:02,48.225191333,15.634463167,264.30,3.85,5;
1.19,8.61,-0.43,-0.05,-0.12,-0.05,27.94,20:56:04,48.225200833,15.634494667,264.30,3.96,5;
-0.05,9.18,-0.31,-0.05,0.35,-0.18,27.93,20:56:04,48.225200833,15.634494667,264.60,3.96,5;
-3.23,10.30,-2.16,0.49,-0.12,-0.27,27.93,20:56:04,48.225200833,15.634494667,264.60,3.96,5;
1.33,10.69,-2.24,-0.06,-0.15,-0.44,27.94,20:56:04,48.225200833,15.634494667,264.60,3.96,5;
2.28,8.31,-0.70,-0.25,0.20,-0.20,27.92,20:56:04,48.225200833,15.634494667,264.60,3.96,5;
0.18,8.49,1.39,0.37,-1.15,0.17,27.91,20:56:04,48.225200833,15.634494667,264.60,3.96,5;
0.33,14.12,-0.90,0.10,-0.79,0.07,27.91,20:56:10,48.225228667,15.634585500,264.60,3.00,5;
0.28,8.82,-1.63,-0.10,-0.48,0.28,27.89,20:56:11,48.225231000,15.634598000,264.00,1.96,6;
0.58,7.98,-0.39,-0.14,0.04,-0.28,27.90,20:56:12,48.225230833,15.634621333,264.00,2.80,6;
-2.13,8.58,-1.92,0.14,1.43,-0.10,27.90,20:56:13,48.225233833,15.634636333,264.30,2.72,6;
0.84,12.10,-4.68,0.19,0.14,-0.20,27.88,20:56:14,48.225237167,15.634648167,264.30,3.44,6;
2.53,10.35,-3.19,-0.04,-0.48,-0.08,27.89,20:56:15,48.225240667,15.634665333,264.50,3.17,6;
0.11,6.72,-0.80,0.05,-0.57,0.06,27.87,20:56:16,48.225244000,15.634682500,264.40,2.48,6;
0.09,7.88,-0.72,-0.26,-0.35,0.28,27.86,20:56:17,48.225248000,15.634700000,264.60,3.09,6;
0.72,10.47,-3.16,0.01,-0.73,0.34,27.86,20:56:19,48.225258667,15.634729167,265.10,3.09,6;
0.01,8.16,-1.09,-0.12,-0.03,0.08,27.84,20:56:19,48.225258667,15.634729167,265.10,3.09,6;
-2.05,9.01,-1.52,0.19,1.34,-0.02,27.83,20:56:19,48.225258667,15.634729167,265.10,3.09,6;
1.37,12.08,-3.14,0.07,0.24,-0.25,27.82,20:56:19,48.225258667,15.634729167,265.10,3.09,6;
1.55,8.72,-1.72,-0.05,-0.30,-0.18,27.82,20:56:19,48.225258667,15.634729167,265.10,3.09,6;
1.07,11.77,-3.21,-0.15,-0.43,0.22,27.81,20:56:24,48.225287167,15.634799167,265.10,2.24,6;
-0.17,8.67,-1.46,0.05,0.13,-0.16,27.80,20:56:25,48.225285167,15.634805667,266.20,1.35,6;
1.77,9.38,-1.58,0.21,0.42,-0.22,27.80,20:56:26,48.225290000,15.634817667,266.40,1.74,7;
0.12,9.46,-2.39,-0.11,-0.52,0.40,27.79,20:56:27,48.225295833,15.634827333,266.30,1.61,7;
1.87,9.10,-1.27,0.20,0.22,-0.11,27.80,20:56:28,48.225299667,15.634822167,266.20,0.91,7;
-0.25,9.55,-2.20,-0.12,-0.09,-0.01,27.78,20:56:29,48.225302667,15.634833500,266.70,1.22,7;
1.51,8.97,-1.66,-0.07,0.16,0.06,27.77,20:56:30,48.225305333,15.634840000,266.90,0.76,7;
0.16,9.36,-3.58,-0.02,0.02,0.23,27.76,20:56:31,48.225309833,15.634844667,266.70,1.65,7;
1.05,9.34,-2.26,-0.11,-0.10,-0.02,27.75,20:56:31,48.225309833,15.634844667,266.70,1.65,7;
1.21,10.36,-2.33,-0.17,0.15,-0.22,27.75,20:56:31,48.225309833,15.634844667,266.70,1.65,7;
0.20,9.04,-3.35,0.19,0.33,-0.32,27.75,20:56:31,48.225309833,15.634844667,266.70,1.65,7;
0.61,9.62,-0.61,-0.19,0.20,0.16,27.74,20:56:31,48.225309833,15.634844667,266.70,1.65,7;
0.19,8.85,-2.13,0.19,0.33,-0.24,27.72,20:56:37,48.225319667,15.634862167,266.70,0.35,7;
1.54,8.75,-3.05,-0.02,-0.09,0.11,27.73,20:56:38,48.225322500,15.634866833,266.70,0.59,7;
0.88,9.10,-2.70,0.02,0.06,-0.02,27.71,20:56:39,48.225323667,15.634872167,267.80,0.19,7;
1.10,8.65,-2.02,-0.13,-0.22,0.01,27.71,20:56:40,48.225325500,15.634877500,268.00,0.04,7;
0.88,9.57,-1.31,-0.14,-0.21,0.05,27.69,20:56:41,48.225327000,15.634880000,267.90,0.81,7;
1.22,9.45,-2.47,0.20,1.18,-0.43,27.69,20:56:42,48.225329667,15.634885167,268.10,1.02,7;
0.58,9.10,-2.68,0.09,0.09,0.07,27.69,20:56:43,48.225335167,15.634886833,268.00,2.22,7;
1.42,9.82,-0.47,0.09,0.33,-0.14,27.67,20:56:45,48.225337500,15.634898833,268.50,0.69,7;
1.97,9.72,-1.47,0.00,-0.11,0.03,27.66,20:56:45,48.225337500,15.634898833,268.90,0.69,7;
1.55,9.18,-2.35,0.05,0.09,-0.04,27.67,20:56:45,48.225337500,15.634898833,268.90,0.69,7;
1.60,8.88,-1.81,0.14,-0.05,-0.02,27.66,20:56:45,48.225337500,15.634898833,268.90,0.69,7;
-0.51,9.75,-2.47,0.25,-0.04,-0.34,27.65,20:56:45,48.225337500,15.634898833,268.90,0.69,7;
1.20,9.85,-0.53,-0.05,0.15,0.09,27.64,20:56:45,48.225337500,15.634898833,268.90,0.69,7;
1.22,9.25,-2.70,-0.01,0.04,-0.12,27.62,20:56:51,48.225352167,15.634898500,268.90,0.80,7;
1.24,8.76,-2.90,0.09,0.41,-0.09,27.64,20:56:52,48.225350833,15.634897833,268.90,0.22,7;
0.85,9.25,-2.34,0.03,-0.15,-0.03,27.62,20:56:53,48.225348833,15.634898000,271.00,1.04,7;
0.30,8.98,-3.04,-0.07,-0.18,0.00,27.62,20:56:54,48.225348333,15.634898667,271.10,0.20,7;
0.55,9.23,-2.32,0.04,-0.05,-0.04,27.61,20:56:55,48.225347333,15.634901833,272.20,0.57,7;
0.48,8.96,-2.72,-0.02,-0.06,0.01,27.60,20:56:56,48.225348667,15.634903667,273.30,0.46,7;
0.63,9.14,-2.65,0.01,0.02,-0.00,27.58,20:56:57,48.225355667,15.634903833,274.80,0.24,7;
0.21,9.16,-2.70,-0.03,-0.21,0.01,27.58,20:56:59,48.225372333,15.634903167,276.60,0.33,7;
0.76,9.22,-3.16,0.14,-0.05,0.11,27.59,20:56:59,48.225372333,15.634903167,278.40,0.33,7;
1.05,8.45,-2.01,-0.42,0.70,-0.42,27.58,20:56:59,48.225372333,15.634903167,278.40,0.33,7;
1.92,9.27,-1.62,-0.10,-0.50,0.10,27.56,20:56:59,48.225372333,15.634903167,278.40,0.33,7;
0.14,9.60,-2.04,0.39,0.18,-0.18,27.55,20:56:59,48.225372333,15.634903167,278.40,0.33,7;
0.27,9.00,-2.27,-0.07,0.28,-0.27,27.56,20:56:59,48.225372333,15.634903167,278.40,0.33,7;
0.59,9.15,-3.26,-0.03,-0.15,0.02,27.54,20:57:05,48.225375167,15.634900167,278.40,1.22,7;
0.14,9.46,-2.25,0.03,-0.01,-0.05,27.56,20:57:06,48.225376667,15.634904667,281.00,0.48,7;
-0.03,9.06,-3.26,-0.06,-0.09,0.12,27.53,20:57:07,48.225376333,15.634908000,281.50,0.37,7;
1.44,9.81,-2.64,0.26,-0.22,-0.00,27.53,20:57:08,48.225374833,15.634910000,281.50,0.26,7;
0.05,9.24,-2.59,-0.26,0.14,-0.17,27.53,20:57:09,48.225373833,15.634910500,281.60,0.15,7;
0.14,9.32,-1.90,-0.15,0.13,-0.09,27.53,20:57:10,48.225372167,15.634911667,281.70,0.20,7;
1.58,8.29,-2.61,-0.29,-0.09,0.17,27.50,20:57:11,48.225371167,15.634911000,281.60,0.39,7;
-0.05,10.13,-2.59,-0.03,-1.17,0.72,27.49,20:57:12,48.225369333,15.634909167,281.80,1.07,7;
2.26,9.35,-1.16,-0.07,-0.39,0.03,27.49,20:57:12,48.225369333,15.634909167,281.80,1.07,7;
1.81,9.41,-3.46,0.10,-0.61,0.22,27.49,20:57:12,48.225369333,15.634909167,281.80,1.07,7;
1.43,9.08,-3.46,-0.14,0.04,0.00,27.47,20:57:12,48.225369333,15.634909167,281.80,1.07,7;
2.71,8.60,-2.67,0.06,-0.10,-0.08,27.48,20:57:12,48.225369333,15.634909167,281.80,1.07,7;
1.17,10.00,-2.16,0.07,-0.28,0.04,27.47,20:57:12,48.225369333,15.634909167,281.80,1.07,7;
0.37,9.25,-2.67,0.25,0.10,0.18,27.46,20:57:19,48.225364000,15.634901500,281.80,2.22,7;
1.30,8.95,-1.76,0.02,1.13,-0.29,27.45,20:57:20,48.225364667,15.634900000,281.80,1.20,7;
-1.76,10.59,-1.90,0.44,1.41,-0.01,27.45,20:57:21,48.225363000,15.634895000,278.40,1.43,7;
2.38,8.52,-1.81,0.09,-0.75,0.16,27.44,20:57:22,48.225363833,15.634888833,278.10,1.33,7;
0.60,9.22,-2.37,-0.19,-1.50,0.43,27.42,20:57:23,48.225366667,15.634885167,277.90,1.15,7;
1.31,9.29,-1.84,0.43,0.19,-0.06,27.43,20:57:24,48.225365667,15.634885833,278.60,1.00,7;
0.41,9.42,-3.18,0.05,-0.20,0.19,27.42,20:57:26,48.225361000,15.634893333,278.30,0.76,7;
0.75,8.98,-2.73,-0.01,0.13,-0.04,27.42,20:57:26,48.225361000,15.634893333,277.80,0.76,7;
0.61,9.26,-2.51,-0.01,-0.01,-0.00,27.42,20:57:26,48.225361000,15.634893333,277.80,0.76,7;
-0.37,8.86,-2.69,-0.25,0.14,-0.03,27.41,20:57:26,48.225361000,15.634893333,277.80,0.76,7;
1.92,9.42,-0.35,-0.22,-0.52,0.13,27.39,20:57:26,48.225361000,15.634893333,277.80,0.76,7;
1.41,10.12,-0.30,0.09,-0.35,0.13,27.38,20:57:26,48.225361000,15.634893333,277.80,0.76,7;
3.61,9.21,1.22,0.03,-0.03,-0.10,27.38,20:57:26,48.225361000,15.634893333,277.80,0.76,7;
3.00,9.06,1.28,0.11,0.07,-0.03,27.37,20:57:33,48.225352833,15.634888500,277.80,0.11,7;
1.61,9.70,0.06,0.15,-0.10,0.36,27.36,20:57:34,48.225352333,15.634893000,275.60,0.83,7;
2.59,9.39,-0.35,0.00,-0.03,0.00,27.34,20:57:35,48.225352667,15.634894000,275.70,0.07,6;
2.60,9.49,-0.22,0.01,-0.04,-0.01,27.34,20:57:36,48.225351500,15.634894167,275.50,0.15,6;
0.49,9.55,-0.98,0.14,0.47,-0.34,27.34,20:57:37,48.225354167,15.634896167,276.10,0.04,6;
1.19,8.98,-0.35,0.48,-0.69,0.41,27.33,20:57:38,48.225364333,15.634896833,276.60,0.91,7;
0.81,9.04,-2.91,-0.06,-0.08,-0.02,27.33,20:57:40,48.225354833,15.634896667,276.40,0.17,7;
1.45,9.90,-1.52,0.08,0.03,0.05,27.32,20:57:40,48.225354833,15.634896667,275.20,0.17,7;
1.36,9.36,-1.97,-0.00,0.08,-0.02,27.30,20:57:40,48.225354833,15.634896667,275.20,0.17,7;
1.39,9.34,-2.10,0.02,-0.23,0.01,27.31,20:57:40,48.225354833,15.634896667,275.20,0.17,7;
0.57,9.11,-3.30,-0.12,-0.77,0.19,27.29,20:57:40,48.225354833,15.634896667,275.20,0.17,7;
1.58,8.61,-2.29,0.05,-0.25,0.32,27.29,20:57:40,48.225354833,15.634896667,275.20,0.17,7;
0.12,9.85,-2.92,0.06,0.25,-0.23,27.28,20:57:40,48.225354833,15.634896667,275.20,0.17,7;
1.34,8.34,-2.59,-0.09,0.50,0.04,27.29,20:57:47,48.225328333,15.634900333,275.20,1.52,7;
-0.94,10.47,-3.13,0.31,1.60,-0.62,27.26,20:57:48,48.225328167,15.634906333,272.20,1.52,7;
1.65,9.03,-0.97,-0.01,1.16,-0.32,27.26,20:57:49,48.225328167,15.634908833,272.30,0.52,7;
1.29,8.42,-3.59,0.06,0.17,0.01,27.25,20:57:50,48.225327833,15.634908000,272.40,1.31,7;
1.14,9.05,-2.81,-0.02,0.03,-0.06,27.25,20:57:51,48.225327167,15.634904167,272.40,0.89,7;
1.14,9.03,-2.93,0.10,0.06,0.03,27.24,20:57:52,48.225326167,15.634907167,272.60,0.15,7;
0.83,8.90,-3.33,0.01,0.66,-0.33,27.24,20:57:54,48.225323333,15.634907167,272.50,0.11,7;
0.68,9.29,-2.43,0.05,-0.23,0.10,27.23,20:57:54,48.225323333,15.634907167,272.80,0.11,7;
0.73,8.95,-3.09,-0.02,-0.45,0.26,27.23,20:57:54,48.225323333,15.634907167,272.80,0.11,7;
0.81,9.24,-2.54,0.01,0.06,-0.00,27.22,20:57:54,48.225323333,15.634907167,272.80,0.11,7;
0.87,9.23,-2.60,0.02,0.03,0.01,27.21,20:57:54,48.225323333,15.634907167,272.80,0.11,7;
0.92,9.19,-2.58,-0.00,0.04,-0.02,27.20,20:57:54,48.225323333,15.634907167,272.80,0.11,7;
1.04,9.22,-2.39,0.04,-0.09,0.11,27.19,20:57:54,48.225323333,15.634907167,272.80,0.11,7;
0.99,9.22,-2.41,-0.01,0.03,-0.03,27.20,20:58:01,48.225324500,15.634901833,272.80,0.46,7;
0.94,9.21,-2.42,0.00,0.03,-0.02,27.18,20:58:02,48.225325667,15.634901500,277.70,0.26,7;
0.93,9.23,-2.38,0.02,0.03,-0.01,27.17,20:58:03,48.225326000,15.634904167,278.90,1.09,7;
0.92,9.23,-2.42,0.03,0.04,-0.02,27.18,20:58:04,48.225326333,15.634902000,278.70,0.30,7;
0.85,9.20,-2.56,0.02,0.06,0.00,27.16,20:58:05,48.225327667,15.634903000,279.30,0.11,7;
1.41,9.47,-2.16,-0.08,0.39,-0.11,27.17,20:58:07,48.225329333,15.634900833,280.40,0.39,7;
0.98,9.48,-2.30,0.07,-0.30,0.10,27.15,20:58:07,48.225329333,15.634900833,279.60,0.39,7;
-0.57,9.56,-2.81,-0.08,-0.76,0.25,27.17,20:58:07,48.225329333,15.634900833,279.60,0.39,7;
1.60,9.00,-2.38,0.10,-0.06,0.19,27.14,20:58:07,48.225329333,15.634900833,279.60,0.39,7;
1.13,8.89,-2.85,-0.07,0.14,-0.13,27.14,20:58:07,48.225329333,15.634900833,279.60,0.39,7;
1.11,8.76,-2.85,0.05,0.00,0.05,27.14,20:58:07,48.225329333,15.634900833,279.60,0.39,7;
0.98,8.53,-2.74,-0.01,0.15,-0.05,27.14,20:58:13,48.225332500,15.634904667,279.60,0.33,7;
0.90,9.19,-2.49,0.04,0.09,0.04,27.12,20:58:14,48.225337500,15.634900833,280.00,0.11,7;
0.91,9.04,-2.89,0.07,0.40,-0.19,27.12,20:58:15,48.225342833,15.634900333,281.20,0.09,7;
0.68,9.04,-2.82,0.01,-0.00,0.01,27.12,20:58:16,48.225344667,15.634901500,282.00,0.70,7;
0.46,10.34,-3.19,-0.33,-1.81,0.71,27.11,20:58:17,48.225345667,15.634899500,281.50,0.20,7;
0.78,8.63,-1.89,0.05,-0.60,0.19,27.10,20:58:18,48.225345333,15.634897167,281.20,0.94,7;
0.99,8.74,-3.34,-0.07,-0.34,0.31,27.09,20:58:20,48.225322167,15.634896833,280.30,0.52,7;
1.43,7.99,-1.82,0.30,0.49,-0.08,27.09,20:58:20,48.225322167,15.634896833,279.00,0.52,7;
1.00,10.12,-3.05,-0.12,-0.51,0.37,27.08,20:58:21,48.225317667,15.634903167,278.00,0.52,7;
-1.15,9.37,-2.85,0.19,1.17,-0.47,27.07,20:58:21,48.225317667,15.634903167,278.00,0.52,7;
1.72,9.41,-1.74,0.28,0.51,-0.14,27.07,20:58:21,48.225317667,15.634903167,278.00,0.52,7;
-2.08,9.42,-2.07,0.10,1.26,-0.34,27.07,20:58:21,48.225317667,15.634903167,278.00,0.52,7;
0.91,9.43,-0.20,0.22,0.46,-0.17,27.07,20:58:21,48.225317667,15.634903167,278.00,0.52,7;
-0.88,9.61,-2.20,0.19,1.05,-0.31,27.06,20:58:27,48.225318333,15.634914000,278.00,1.17,7;
1.66,9.56,-1.28,-0.17,-0.01,-0.17,27.04,20:58:28,48.225318333,15.634918500,276.00,0.33,7;
1.09,9.42,-1.73,0.02,-0.21,0.03,27.04,20:58:29,48.225319500,15.634920333,276.40,0.17,7;
0.81,9.32,-1.38,-0.00,0.10,-0.03,27.04,20:58:30,48.225319167,15.634921667,276.70,0.13,7;
0.61,9.33,-1.80,-0.04,-0.06,-0.07,27.04,20:58:31,48.225316500,15.634921833,276.10,0.41,7;
0.61,10.03,-1.67,0.04,-0.14,0.14,27.02,20:58:32,48.225316000,15.634922000,276.50,0.43,7;
0.40,8.26,-1.18,0.09,-0.04,-0.10,27.01,20:58:33,48.225315333,15.634921667,277.30,0.31,7;
0.28,8.78,-3.15,0.04,-0.42,0.08,27.01,20:58:33,48.225315333,15.634921667,277.30,0.31,7;
-0.21,9.50,-2.89,0.02,0.90,-0.34,27.01,20:58:33,48.225315333,15.634921667,277.30,0.31,7;
1.33,9.49,-0.44,-0.16,0.32,-0.16,27.00,20:58:33,48.225315333,15.634921667,277.30,0.31,7;
0.07,8.93,-3.39,0.06,-0.03,0.03,26.98,20:58:33,48.225315333,15.634921667,277.30,0.31,7;
1.32,9.93,-0.37,-0.06,-0.60,0.42,26.98,20:58:33,48.225315333,15.634921667,277.30,0.31,7;
2.54,9.02,-3.40,-0.05,-0.28,0.06,26.97,20:58:40,48.225336000,15.634921500,277.30,0.52,7;
2.05,8.84,-2.72,0.05,0.11,-0.02,26.99,20:58:41,48.225342500,15.634922833,284.40,0.11,7;
1.42,9.41,-1.93,-0.07,0.60,-0.30,26.97,20:58:42,48.225343333,15.634919667,284.30,0.20,7;
0.79,9.84,-1.52,0.29,-0.01,0.08,26.96,20:58:43,48.225341000,15.634919000,284.50,1.37,7;
-0.15,9.92,-2.59,0.06,-0.20,0.39,26.96,20:58:44,48.225342833,15.634917000,283.70,0.80,7;
1.57,8.62,-1.42,-0.14,-0.06,0.05,26.96,20:58:45,48.225333333,15.634922000,284.50,0.24,7;
1.46,9.44,-1.73,0.06,0.10,-0.02,26.94,20:58:46,48.225335500,15.634918833,284.30,0.39,7;
1.58,9.00,-2.05,-0.12,-0.07,-0.03,26.94,20:58:46,48.225335500,15.634918833,284.30,0.39,7;
1.33,9.13,-2.38,0.07,-0.01,0.01,26.93,20:58:46,48.225335500,15.634918833,284.30,0.39,7;
1.44,9.03,-1.52,-0.04,0.01,-0.02,26.93,20:58:46,48.225335500,15.634918833,284.30,0.39,7;
1.39,9.32,-2.09,0.06,0.02,0.05,26.91,20:58:46,48.225335500,15.634918833,284.30,0.39,7;
1.34,9.50,-1.58,0.05,0.06,-0.02,26.92,20:58:46,48.225335500,15.634918833,284.30,0.39,7;
1.38,9.27,-2.27,0.09,0.09,0.00,26.91,20:58:53,48.225345333,15.634905667,284.30,0.30,7;
0.72,9.09,-0.70,-0.01,0.47,-0.27,26.90,20:58:54,48.225344000,15.634905000,285.80,0.15,6;
0.14,8.24,-2.79,0.02,-0.34,0.12,26.89,20:58:55,48.225339333,15.634904333,283.60,0.13,6;
0.43,9.56,-2.96,0.09,-0.16,-0.01,26.90,20:58:56,48.225340000,15.634902667,283.30,1.37,7;
0.60,8.46,-2.60,-0.01,0.26,-0.12,26.89,20:58:57,48.225338833,15.634901500,282.90,0.24,7;
1.01,9.21,-3.05,-0.17,-0.24,0.14,26.87,20:58:58,48.225336333,15.634901167,283.70,0.56,7;
0.45,8.92,-2.32,-0.03,0.24,-0.15,26.87,20:58:59,48.225336667,15.634903333,284.40,0.61,7;
0.36,9.31,-2.30,0.01,-0.02,0.03,26.87,20:58:59,48.225336667,15.634903333,284.40,0.61,7;
0.48,9.11,-2.74,0.01,0.04,-0.03,26.86,20:58:59,48.225336667,15.634903333,284.40,0.61,7;
0.47,9.17,-2.58,0.02,0.03,-0.02,26.86,20:58:59,48.225336667,15.634903333,284.40,0.61,7;
-0.36,9.24,-2.34,-0.00,-0.01,0.01,26.86,20:58:59,48.225336667,15.634903333,284.40,0.61,7;
0.16,9.70,-1.70,-0.06,-0.33,0.31,26.84,20:58:59,48.225336667,15.634903333,284.40,0.61,7;
-0.52,9.56,1.41,0.02,0.61,-0.07,26.85,20:59:06,48.225339333,15.634915333,284.40,0.44,7;
1.13,9.60,-1.37,0.23,0.59,-0.25,26.83,20:59:07,48.225340167,15.634913333,288.30,0.80,7;
-0.38,8.77,-1.98,0.10,-0.83,0.47,26.82,20:59:08,48.225337667,15.634908667,288.20,0.78,7;
-1.58,10.29,-2.07,0.04,1.00,-0.02,26.82,20:59:09,48.225341167,15.634914833,290.10,1.09,7;
1.76,9.39,-1.28,0.14,0.94,-0.05,26.81,20:59:10,48.225341333,15.634915667,290.00,0.35,7;
2.07,8.77,-0.38,-0.27,-1.22,0.30,26.80,20:59:11,48.225340000,15.634915167,291.40,1.26,7;
0.22,10.61,-1.52,0.38,-0.00,-0.08,26.79,20:59:12,48.225326667,15.634917500,288.80,1.00,7;
-0.51,9.34,-2.32,0.25,0.56,0.10,26.79,20:59:13,48.225330667,15.634917500,288.50,1.00,7;
2.29,10.18,-0.62,-0.36,0.42,0.08,26.78,20:59:13,48.225330667,15.634917500,288.50,1.00,7;
1.39,10.00,1.13,-0.08,-1.06,-0.21,26.78,20:59:13,48.225330667,15.634917500,288.50,1.00,7;
0.39,9.28,-2.10,-0.24,-0.77,-0.01,26.76,20:59:13,48.225330667,15.634917500,288.50,1.00,7;
1.21,9.39,-0.27,0.04,0.58,-0.12,26.76,20:59:13,48.225330667,15.634917500,288.50,1.00,7;
-0.66,9.13,-1.77,0.16,0.76,-0.07,26.76,20:59:19,48.225336833,15.634908500,288.50,1.67,7;
1.94,9.29,-1.19,0.14,0.84,-0.30,26.74,20:59:20,48.225334167,15.634909000,289.70,1.57,7;
0.28,9.24,-3.34,-0.02,0.22,-0.23,26.74,20:59:21,48.225317667,15.634909333,287.00,2.50,7;
1.83,9.29,-1.64,0.02,0.72,-0.68,26.75,20:59:22,48.225309833,15.634907833,282.40,1.76,7;
-0.04,10.15,-2.84,-0.26,-1.47,0.79,26.74,20:59:23,48.225306333,15.634915833,281.60,1.87,7;
1.50,9.74,-1.28,0.04,-0.07,-0.21,26.72,20:59:24,48.225301500,15.634915833,280.40,0.09,7;
0.17,9.47,-3.53,-0.22,-0.78,0.10,26.72,20:59:26,48.225297167,15.634908500,280.40,0.70,7;
1.62,8.68,-1.09,-0.03,-0.17,0.22,26.71,20:59:26,48.225297167,15.634908500,280.10,0.70,7;
1.76,9.01,-2.77,0.03,0.26,-0.19,26.72,20:59:26,48.225297167,15.634908500,280.10,0.70,7;
1.51,8.90,-2.47,0.04,0.01,-0.03,26.70,20:59:26,48.225297167,15.634908500,280.10,0.70,7;
1.16,9.16,-2.75,-0.02,0.01,-0.03,26.69,20:59:26,48.225297167,15.634908500,280.10,0.70,7;
1.15,9.17,-2.51,0.01,-0.00,0.01,26.70,20:59:26,48.225297167,15.634908500,280.10,0.70,7;
1.30,9.11,-2.37,-0.08,0.02,-0.05,26.69,20:59:32,48.225290833,15.634888667,280.10,0.65,7;
1.26,9.26,-1.92,-0.01,0.01,0.04,26.69,20:59:33,48.225291333,15.634886000,275.70,0.17,7;
0.83,9.54,-1.55,-0.04,-0.03,-0.04,26.66,20:59:34,48.225292167,15.634883500,275.00,0.50,7;
0.64,9.59,-1.21,0.04,-0.05,-0.05,26.67,20:59:35,48.225294500,15.634882667,275.40,0.17,7;
0.36,10.06,-0.16,-0.34,0.32,0.21,26.65,20:59:36,48.225300500,15.634881667,276.00,0.17,7;
1.73,9.73,0.37,-0.21,0.43,0.03,26.64,20:59:37,48.225313333,15.634885500,277.20,0.30,7;
2.80,9.47,0.18,0.09,0.13,-0.01,26.64,20:59:39,48.225318000,15.634890833,277.60,0.09,7;
2.72,9.40,-0.11,0.01,0.33,-0.07,26.64,20:59:39,48.225318000,15.634890833,277.90,0.09,7;
2.89,9.28,-0.46,-0.01,0.07,-0.03,26.64,20:59:39,48.225318000,15.634890833,277.90,0.09,7;
2.61,9.57,0.10,0.03,0.16,0.01,26.63,20:59:39,48.225318000,15.634890833,277.90,0.09,7;
2.18,9.39,0.68,0.19,0.10,-0.04,26.62,20:59:39,48.225318000,15.634890833,277.90,0.09,7;
2.83,9.77,-0.94,-0.20,-0.13,0.14,26.62,20:59:39,48.225318000,15.634890833,277.90,0.09,7;
3.01,9.24,1.36,0.05,-0.08,-0.02,26.62,20:59:45,48.225317000,15.634885500,277.90,1.74,7;
3.10,9.06,-0.43,0.11,-0.06,0.01,26.62,20:59:46,48.225311833,15.634888333,277.90,1.37,7;
1.28,9.75,-0.66,0.11,-0.06,-0.10,26.59,20:59:47,48.225313333,15.634893833,279.30,0.07,7;
1.51,9.36,-1.75,-0.05,0.02,-0.01,26.59,20:59:48,48.225313167,15.634896000,278.90,0.31,7;
2.12,9.01,1.47,-0.28,0.01,0.52,26.59,20:59:49,48.225312000,15.634897500,279.30,0.07,7;
2.67,8.93,2.47,0.02,0.07,-0.69,26.59,20:59:50,48.225315167,15.634896333,279.40,0.11,7;
4.07,9.71,1.53,-0.18,-0.08,0.59,26.57,20:59:52,48.225321333,15.634896500,280.10,0.20,7;
-1.69,7.33,-2.62,-0.53,-1.12,-0.35,26.56,20:59:52,48.225321333,15.634896500,280.70,0.20,7;
-11.53,-1.17,-0.74,-0.56,1.58,0.94,26.57,20:59:52,48.225321333,15.634896500,280.70,0.20,7;
11.22,0.41,1.42,-0.11,1.86,1.20,26.56,20:59:52,48.225321333,15.634896500,280.70,0.20,7;
7.47,-3.74,-1.58,-1.81,0.18,0.03,26.56,20:59:52,48.225321333,15.634896500,280.70,0.20,7;
8.66,0.50,-1.76,0.28,1.03,0.04,26.55,20:59:52,48.225321333,15.634896500,280.70,0.20,7;
10.38,0.01,-0.03,-2.13,-0.47,-2.36,26.55,20:59:58,48.225303167,15.634893500,280.70,0.96,7;
0.87,9.93,1.62,0.42,-0.05,0.47,26.54,20:59:59,48.225303667,15.634892500,280.70,0.07,7;
-4.51,8.52,-1.14,-0.73,0.95,1.84,26.54,21:00:00,48.225304000,15.634893167,281.50,0.04,7;
7.77,-6.20,2.95,1.45,-0.50,-2.96,26.53,21:00:01,48.225305500,15.634893333,281.40,0.98,7;
-0.35,9.34,0.42,1.73,-0.40,-1.21,26.53,21:00:02,48.225307333,15.634890333,282.20,1.06,7;
-0.30,11.09,3.45,-3.37,2.87,-0.57,26.52,21:00:03,48.225308167,15.634889833,282.20,0.33,7;
0.66,10.07,-0.63,0.25,0.06,-0.29,26.51,21:00:05,48.225306833,15.634887667,282.00,1.17,7;
1.85,9.33,-2.35,0.17,0.01,-0.07,26.50,21:00:05,48.225306833,15.634887667,281.50,1.17,6;
-7.88,3.34,1.40,0.82,1.60,-3.06,26.50,21:00:05,48.225306833,15.634887667,281.50,1.17,6;
8.70,3.15,0.94,-0.16,-0.01,1.09,26.49,21:00:05,48.225306833,15.634887667,281.50,1.17,6;
10.76,1.18,0.65,-0.31,0.72,-0.55,26.49,21:00:05,48.225306833,15.634887667,281.50,1.17,6;
9.90,0.77,2.47,0.24,-0.05,-0.22,26.47,21:00:05,48.225306833,15.634887667,281.50,1.17,6;
9.94,-0.06,0.03,-0.27,0.34,-0.38,26.48,21:00:11,48.225282333,15.634861333,281.50,1.00,6;
9.84,0.56,3.57,-0.11,-0.45,-0.08,26.47,21:00:12,48.225284667,15.634871667,281.50,0.63,6;
8.93,3.46,1.55,0.19,0.21,-0.72,26.45,21:00:13,48.225281500,15.634863000,283.50,0.87,7;
8.37,3.20,2.23,-0.07,0.43,-0.08,26.46,21:00:14,48.225283500,15.634865833,285.80,1.22,7;
9.73,4.45,5.61,-0.11,0.75,0.30,26.46,21:00:15,48.225279333,15.634863000,285.40,0.57,7;
3.81,8.80,4.96,0.85,1.17,0.24,26.45,21:00:16,48.225276833,15.634872333,286.20,0.98,7;
5.75,8.18,3.00,0.31,0.06,-0.29,26.43,21:00:18,48.225294333,15.634882667,284.80,1.15,7;
3.39,8.37,5.26,-0.54,-0.73,-0.46,26.42,21:00:18,48.225294333,15.634882667,280.00,1.15,7;
3.97,7.63,3.38,0.31,0.21,-0.79,26.43,21:00:18,48.225294333,15.634882667,280.00,1.15,7;
4.04,7.08,4.38,1.68,0.85,-1.15,26.42,21:00:18,48.225294333,15.634882667,280.00,1.15,7;
3.12,9.53,3.64,-0.10,-0.74,-0.69,26.41,21:00:18,48.225294333,15.634882667,280.00,1.15,7;
0.98,9.07,4.96,-0.12,0.18,0.05,26.41,21:00:18,48.225294333,15.634882667,280.00,1.15,7;
2.10,7.30,6.68,0.04,-0.13,-0.38,26.39,21:00:18,48.225294333,15.634882667,280.00,1.15,7;
1.60,7.87,6.49,-0.18,0.32,0.07,26.39,21:00:25,48.225306167,15.634859500,280.00,1.15,7;
0.75,9.23,6.52,0.26,-1.43,-0.42,26.39,21:00:26,48.225314833,15.634857000,270.20,0.76,7;
-5.64,4.26,-5.39,0.92,1.56,0.08,26.36,21:00:27,48.225310167,15.634853500,269.30,0.70,7;
-2.75,6.92,-6.81,0.22,-0.17,-0.33,26.36,21:00:28,48.225311500,15.634850167,269.70,2.44,7;
2.02,4.59,-7.80,0.34,0.41,0.06,26.37,21:00:29,48.225318500,15.634854000,271.30,0.28,7;
-4.11,9.89,-1.94,-3.90,-2.26,-0.34,26.36,21:00:30,48.225315167,15.634849000,269.90,0.26,7;
1.55,6.24,8.63,-0.01,0.17,-0.04,26.35,21:00:31,48.225315000,15.634850667,270.30,0.11,7;
-0.28,6.75,7.46,0.81,-0.57,-1.09,26.34,21:00:31,48.225315000,15.634850667,270.30,0.11,7;
4.99,4.03,-3.89,0.03,3.40,1.12,26.34,21:00:31,48.225315000,15.634850667,270.30,0.11,7;
10.03,3.01,2.75,-1.48,0.58,-0.55,26.33,21:00:31,48.225315000,15.634850667,270.30,0.11,7;
9.51,-2.27,-5.66,-0.17,3.08,-0.06,26.32,21:00:31,48.225315000,15.634850667,270.30,0.11,7;
7.58,1.59,-1.20,7.03,-1.89,-1.91,26.31,21:00:31,48.225315000,15.634850667,270.30,0.11,7;
7.69,2.76,9.39,-0.01,-0.46,0.71,26.30,21:00:38,48.225310000,15.634849333,270.30,0.98,7;
5.69,3.97,6.11,8.73,4.21,1.17,26.30,21:00:39,48.225310167,15.634840333,270.20,1.69,7;
8.64,0.13,-7.15,2.32,1.29,0.94,26.27,21:00:40,48.225310000,15.634830000,270.10,2.31,7;
1.88,-4.92,-5.05,-1.42,1.23,0.10,26.27,21:00:41,48.225307500,15.634825167,270.10,1.09,7;
8.72,2.45,0.19,8.73,-4.43,-1.61,26.25,21:00:42,48.225309833,15.634826333,270.40,0.98,7;
7.09,3.93,3.56,-1.86,0.79,1.31,26.23,21:00:43,48.225310000,15.634828333,270.90,0.43,7;
8.99,1.61,-4.22,4.44,2.27,0.33,26.20,21:00:44,48.225311500,15.634824333,271.40,1.43,7;
2.59,-3.36,-4.34,3.94,2.35,-2.03,26.22,21:00:44,48.225311500,15.634824333,271.40,1.43,7;
11.65,4.02,5.67,-0.23,-2.04,-0.02,26.19,21:00:44,48.225311500,15.634824333,271.40,1.43,7;
0.09,-0.25,6.22,8.58,5.70,4.67,26.18,21:00:44,48.225311500,15.634824333,271.40,1.43,7;
7.33,-2.34,8.94,7.12,2.72,1.87,26.17,21:00:44,48.225311500,15.634824333,271.40,1.43,7;
5.98,-2.10,-9.52,-3.38,0.86,-0.53,26.17,21:00:44,48.225311500,15.634824333,271.40,1.43,7;
6.77,-5.80,-4.46,8.73,-1.18,-1.78,26.15,21:00:51,48.225306667,15.634790000,271.40,1.04,7;
5.32,8.52,8.69,2.08,1.85,1.01,26.15,21:00:52,48.225311167,15.634786167,271.50,2.52,7;
4.22,-2.27,-2.87,-2.90,-2.72,-2.76,26.15,21:00:53,48.225316333,15.634784167,273.40,2.44,7;
11.75,-1.11,6.00,0.74,-1.75,-1.53,26.11,21:00:54,48.225309833,15.634769833,272.90,4.69,7;
8.12,0.50,-0.18,7.23,1.88,2.81,26.12,21:00:55,48.225304167,15.634762667,274.70,3.07,7;
-0.81,-3.71,-9.12,0.55,-0.39,-2.15,26.12,21:00:56,48.225297167,15.634754500,274.80,2.19,7;
6.83,0.65,3.60,4.15,-2.92,-1.45,26.09,21:00:57,48.225292000,15.634749667,275.60,1.81,7;
4.03,5.22,5.54,5.23,1.59,2.22,26.09,21:00:59,48.225290000,15.634737667,276.50,1.81,7;
3.88,-0.58,-6.20,-0.09,1.20,-1.62,26.08,21:00:59,48.225290000,15.634737667,276.50,1.81,7;
7.56,2.95,4.66,-0.05,-0.20,0.62,26.06,21:00:59,48.225290000,15.634737667,276.50,1.81,7;
8.98,2.31,2.49,-0.38,-0.27,0.32,26.06,21:00:59,48.225290000,15.634737667,276.50,1.81,7;
9.28,2.89,1.28,0.83,1.15,-0.18,26.05,21:00:59,48.225290000,15.634737667,276.50,1.81,7;
5.29,2.01,9.46,-0.09,1.07,0.27,26.04,21:01:04,48.225273833,15.634703333,276.50,3.07,7;
7.35,0.24,11.06,0.39,0.55,0.54,26.03,21:01:05,48.225278333,15.634704667,276.50,2.09,7;
2.92,1.22,9.90,0.21,0.02,-0.14,26.02,21:01:06,48.225267167,15.634699333,278.20,2.93,7;
2.28,3.08,9.63,-0.04,0.25,-0.07,26.02,21:01:07,48.225259833,15.634692333,278.30,2.91,7;
3.38,2.83,9.06,0.21,0.05,0.03,26.00,21:01:08,48.225260500,15.634684667,278.50,1.39,7;
2.05,4.21,9.36,-0.95,-0.90,-1.29,25.99,21:01:09,48.225259333,15.634687167,279.80,0.59,7;
2.11,4.87,9.42,-0.05,0.12,0.11,25.99,21:01:11,48.225256833,15.634674500,279.60,0.85,7;
0.83,5.87,8.61,-0.11,-0.11,-0.16,25.98,21:01:11,48.225256833,15.634674500,279.80,0.85,7;
8.98,4.56,1.16,0.80,-0.21,0.48,25.96,21:01:11,48.225256833,15.634674500,279.80,0.85,7;
11.50,0.73,-1.88,-0.24,0.27,0.49,25.96,21:01:11,48.225256833,15.634674500,279.80,0.85,7;
8.91,0.92,-0.83,0.47,-0.34,0.21,25.95,21:01:11,48.225256833,15.634674500,279.80,0.85,7;
8.76,-0.16,-1.96,0.46,-0.20,-0.09,25.94,21:01:11,48.225256833,15.634674500,279.80,0.85,7;
8.78,-0.08,-3.28,-0.13,0.04,-0.01,25.95,21:01:17,48.225238500,15.634620500,279.80,0.94,7;
11.04,-0.54,-2.69,0.38,1.41,0.41,25.94,21:01:18,48.225236500,15.634612833,279.80,1.57,7;
9.72,-0.54,-2.00,-0.91,-0.56,-0.16,25.93,21:01:19,48.225235333,15.634605167,281.30,1.78,7;
8.66,1.20,-2.52,0.20,0.18,0.02,25.89,21:01:20,48.225232833,15.634596333,281.50,1.78,7;
8.41,0.26,-2.51,0.04,0.01,-0.14,25.88,21:01:31,48.225204167,15.634528667,281.50,0.94,7;
8.26,0.51,-3.16,-0.30,0.18,0.07,25.87,21:01:32,48.225202167,15.634522667,280.80,1.19,7;
9.80,-0.14,-3.52,0.06,-0.35,-0.04,25.87,21:01:33,48.225199000,15.634514667,280.70,1.81,7;
9.01,-0.40,-1.99,-0.64,-0.16,0.20,25.87,21:01:34,48.225193833,15.634499500,279.90,2.00,7;
8.67,0.73,0.96,-0.04,1.11,-0.02,25.87,21:01:35,48.225195500,15.634494667,281.50,1.39,7;
8.98,0.03,-2.94,0.10,0.36,-0.22,25.87,21:01:36,48.225193167,15.634487167,281.50,0.91,7;
9.69,0.38,-1.94,-0.15,0.22,0.26,25.85,21:01:37,48.225186833,15.634477667,281.70,0.63,7;
10.56,1.30,-2.00,0.48,0.22,-0.39,25.85,21:01:37,48.225186833,15.634477667,281.70,0.63,7;
8.93,0.74,-1.17,-0.37,-0.33,0.61,25.84,21:01:37,48.225186833,15.634477667,281.70,0.63,7;
8.25,0.87,-1.77,0.25,0.17,0.00,25.84,21:01:37,48.225186833,15.634477667,281.70,0.63,7;
10.28,0.21,-0.86,0.44,0.60,-0.27,25.84,21:01:37,48.225186833,15.634477667,281.70,0.63,7;
9.97,0.53,-2.65,-0.50,-0.27,0.61,25.82,21:01:37,48.225186833,15.634477667,281.70,0.63,7;
10.15,0.41,-2.53,0.35,0.01,-0.10,25.83,21:01:44,48.225173667,15.634409667,281.70,2.02,7;
10.07,2.08,-0.07,-0.37,0.55,-1.01,25.82,21:01:45,48.225168167,15.634391167,287.20,3.02,7;
10.15,1.98,2.28,-0.61,1.30,0.67,25.82,21:01:46,48.225158167,15.634373167,285.70,4.32,7;
10.93,4.21,-0.82,-0.07,-0.13,0.64,25.83,21:01:47,48.225156167,15.634370000,286.20,1.09,7;
10.39,-5.06,3.85,-0.50,-0.27,-1.25,25.80,21:01:48,48.225147500,15.634353333,285.70,1.59,7;
8.13,-2.81,1.93,-6.70,-1.89,0.53,25.79,21:01:49,48.225143167,15.634343500,285.50,1.56,7;
7.52,6.32,-0.10,-2.25,-0.90,2.26,25.79,21:01:50,48.225141333,15.634333000,284.50,2.46,7;
8.48,-0.24,4.82,-4.47,0.83,-2.08,25.78,21:01:52,48.225134167,15.634298000,284.00,2.46,7;
9.23,-1.45,0.57,-0.86,-0.76,-0.77,25.78,21:01:52,48.225134167,15.634298000,284.00,2.46,7;
8.67,0.68,-0.02,-0.22,0.59,0.17,25.78,21:01:52,48.225134167,15.634298000,284.00,2.46,7;
8.43,0.16,-1.58,-0.09,0.23,-0.54,25.77,21:01:52,48.225134167,15.634298000,284.00,2.46,7;
9.15,-2.39,2.91,-3.21,0.92,-1.67,25.76,21:01:52,48.225134167,15.634298000,284.00,2.46,7;
9.17,0.10,0.39,-0.03,-0.54,-0.04,25.77,21:01:57,48.225117667,15.634234333,284.00,2.37,7;
8.99,0.91,-0.15,0.11,-0.16,0.04,25.75,21:01:58,48.225118500,15.634229833,281.20,1.09,7;
9.70,0.97,0.68,-0.19,-0.01,0.21,25.74,21:01:58,48.225118500,15.634229833,281.20,1.09,7;
8.49,-0.06,-1.96,0.11,0.22,-0.10,25.74,21:01:58,48.225118500,15.634229833,281.20,1.09,7;
10.27,-0.62,-0.90,1.62,0.24,-0.49,25.73,21:01:58,48.225118500,15.634229833,281.20,1.09,7;
9.88,1.87,-0.96,-1.59,-0.19,0.31,25.74,21:02:12,48.225052333,15.634080500,281.20,4.13,7;
8.94,1.57,-0.27,-0.15,-0.24,-0.11,25.73,21:02:13,48.225048167,15.634071333,281.20,3.30,7;
5.42,3.43,3.08,-5.14,-4.59,2.22,25.71,21:02:14,48.225047167,15.634065500,276.80,2.46,7;
11.11,4.43,0.92,0.16,0.23,0.16,25.71,21:02:15,48.225042167,15.634052500,276.10,2.74,7;
8.56,1.49,3.19,0.76,0.03,0.30,25.72,21:02:16,48.225037167,15.634035000,275.10,2.98,7;
8.09,0.55,0.88,0.57,0.55,0.16,25.71,21:02:17,48.225034167,15.634026000,275.80,2.72,7;
11.44,1.13,1.03,-0.41,-0.24,0.13,25.70,21:02:19,48.225029167,15.634005333,276.50,2.04,7;
8.70,-0.70,3.18,0.20,0.13,-0.25,25.69,21:02:19,48.225029167,15.634005333,276.30,2.04,7;
9.01,0.80,1.52,-0.11,0.13,0.20,25.69,21:02:19,48.225029167,15.634005333,276.30,2.04,7;
11.54,1.31,-0.19,-0.41,-0.17,-0.25,25.69,21:02:19,48.225029167,15.634005333,276.30,2.04,7;
7.52,-1.76,6.36,-2.31,1.16,0.67,25.68,21:02:19,48.225029167,15.634005333,276.30,2.04,7;
2.64,-2.56,9.98,0.25,0.17,0.06,25.67,21:02:19,48.225029167,15.634005333,276.30,2.04,7;
9.52,0.54,8.42,-1.22,-1.19,1.63,25.67,21:02:25,48.225047167,15.633977167,276.30,4.06,7;
7.36,-2.89,-2.47,0.29,0.05,0.02,25.66,21:02:26,48.225035000,15.633955167,276.30,2.33,7;
9.50,-2.61,-2.70,0.21,-0.19,0.03,25.66,21:02:27,48.225029500,15.633942667,277.20,2.09,7;
6.51,-2.09,-3.49,-1.90,-1.88,0.19,25.65,21:02:28,48.225035167,15.633920833,272.90,3.67,7;
6.63,2.65,-4.01,-0.48,-0.91,0.03,25.65,21:02:29,48.225027500,15.633904000,272.00,4.48,7;
8.90,0.88,-8.53,1.11,0.37,-0.90,25.64,21:02:30,48.225025667,15.633894500,271.60,1.24,7;
8.24,1.57,-0.00,-0.12,0.49,0.27,25.64,21:02:32,48.225017667,15.633871833,271.00,3.20,7;
9.35,2.49,-2.15,-0.95,0.21,-0.68,25.64,21:02:32,48.225017667,15.633871833,270.70,3.20,7;
8.53,1.17,-1.05,-0.31,-0.36,0.04,25.64,21:02:32,48.225017667,15.633871833,270.70,3.20,7;
6.72,2.48,0.89,0.07,-0.12,0.06,25.64,21:02:32,48.225017667,15.633871833,270.70,3.20,7;
11.12,0.14,-4.77,0.37,0.25,0.49,25.62,21:02:32,48.225017667,15.633871833,270.70,3.20,7;
10.02,1.34,-0.21,0.98,0.11,-0.17,25.63,21:02:32,48.225017667,15.633871833,270.70,3.20,7;
12.24,-0.50,-0.64,0.74,0.26,0.04,25.62,21:02:38,48.225006833,15.633828500,270.70,1.15,7;
8.21,-1.82,-1.29,-0.45,-0.10,0.26,25.61,21:02:39,48.225001833,15.633820333,270.70,1.54,7;
9.47,0.62,-1.69,-0.03,-0.07,0.29,25.60,21:02:40,48.224995167,15.633812500,276.80,2.50,7;
8.19,-1.86,-0.76,-0.32,0.26,-0.72,25.60,21:02:41,48.224987333,15.633804833,276.50,1.76,7;
7.61,-0.70,-0.38,-0.30,0.00,0.46,25.59,21:02:42,48.224983167,15.633800000,277.10,1.48,7;
10.12,-3.85,-3.55,-1.25,0.64,-0.62,25.59,21:02:43,48.224981167,15.633796667,277.60,1.54,7;
9.47,0.65,-0.29,-0.30,0.27,-0.24,25.59,21:02:45,48.224978000,15.633792333,278.00,0.56,7;
11.36,-1.74,-0.04,1.29,0.11,-0.25,25.58,21:02:45,48.224978000,15.633792333,279.50,0.56,7;
6.96,-0.34,1.19,-0.67,-0.50,-0.41,25.59,21:02:45,48.224978000,15.633792333,279.50,0.56,7;
12.10,0.98,-0.93,-0.43,-0.26,0.31,25.57,21:02:45,48.224978000,15.633792333,279.50,0.56,7;
8.50,-1.94,1.27,0.13,0.11,-0.52,25.57,21:02:45,48.224978000,15.633792333,279.50,0.56,7;
6.26,0.14,6.24,-3.95,2.97,-0.77,25.56,21:02:45,48.224978000,15.633792333,279.50,0.56,7;
10.65,-0.74,-5.63,-4.60,0.57,0.98,25.54,21:02:45,48.224978000,15.633792333,279.50,0.56,7;
9.32,1.39,-2.95,0.82,0.26,-0.54,25.53,21:02:52,48.224959833,15.633735500,279.50,0.52,7;
11.74,-1.93,4.64,1.00,-0.71,-0.98,25.52,21:02:53,48.224959167,15.633725167,281.30,1.85,7;
8.44,-1.44,1.12,-4.20,2.04,-1.61,25.52,21:02:54,48.224963667,15.633717000,281.50,3.65,7;
8.63,-3.35,0.96,-0.79,-0.54,-0.35,25.50,21:02:55,48.224962667,15.633730000,285.30,2.07,7;
9.65,2.46,-2.80,-4.59,-0.38,0.37,25.49,21:02:56,48.224956667,15.633719000,284.80,2.33,7;
10.34,1.74,-0.67,-1.30,1.34,-0.75,25.48,21:02:58,48.224948000,15.633695667,285.10,2.13,7;
7.78,3.55,0.69,-3.25,-0.12,1.86,25.48,21:02:58,48.224948000,15.633695667,285.80,2.13,7;
11.13,1.53,0.53,0.92,-0.17,0.14,25.47,21:02:58,48.224948000,15.633695667,285.80,2.13,7;
8.09,-0.74,3.43,-0.58,-0.74,-0.61,25.47,21:02:58,48.224948000,15.633695667,285.80,2.13,7;
11.43,3.51,-1.27,-1.29,-0.68,-0.19,25.45,21:02:58,48.224948000,15.633695667,285.80,2.13,7;
7.83,-5.28,-1.19,-0.98,-0.68,-0.36,25.45,21:02:58,48.224948000,15.633695667,285.80,2.13,7;
11.50,1.03,1.09,-0.56,1.50,-0.18,25.44,21:02:58,48.224948000,15.633695667,285.80,2.13,7;
8.03,-1.48,2.79,-0.16,-0.49,-0.15,25.41,21:03:05,48.224924167,15.633594333,285.80,2.15,7;
10.60,-3.32,1.76,-0.71,0.10,0.20,25.41,21:03:06,48.224924167,15.633582500,283.30,1.83,6;
8.01,-5.11,-0.31,0.59,0.14,-0.19,25.41,21:03:07,48.224924000,15.633566000,282.90,3.50,6;
9.48,-1.28,2.66,-0.22,-0.85,0.25,25.40,21:03:08,48.224921000,15.633554000,282.40,1.46,6;
8.63,-1.04,-2.15,-0.03,-0.29,-0.01,25.40,21:03:09,48.224915833,15.633541500,282.20,2.17,7;
10.89,-1.84,-0.43,-1.26,-0.54,0.38,25.38,21:03:10,48.224910500,15.633528667,281.70,2.17,7;
9.12,-3.26,-0.43,0.12,0.31,-0.26,25.37,21:03:11,48.224904167,15.633514000,281.40,3.39,7;
10.59,-1.23,1.40,-0.21,-0.46,0.22,25.38,21:03:13,48.224889333,15.633481500,281.10,3.39,7;
7.14,0.14,-1.10,-0.28,-0.53,-0.19,25.37,21:03:13,48.224889333,15.633481500,281.10,3.39,7;
9.75,-1.19,2.29,-1.39,-0.90,0.33,25.35,21:03:13,48.224889333,15.633481500,281.10,3.39,7;
9.83,-2.40,0.11,0.28,0.15,0.11,25.34,21:03:13,48.224889333,15.633481500,281.10,3.39,7;
7.63,0.64,1.22,0.34,-0.38,0.37,25.34,21:03:13,48.224889333,15.633481500,281.10,3.39,7;
10.57,-2.01,-0.26,0.57,0.31,-0.43,25.32,21:03:18,48.224864500,15.633419333,281.10,2.74,7;
9.62,0.64,0.81,-0.23,-0.57,-0.45,25.31,21:03:19,48.224858000,15.633403500,282.80,3.69,6;
12.46,-2.54,1.50,-0.32,0.16,-0.02,25.29,21:03:20,48.224853500,15.633389167,282.90,3.48,7;
8.65,-1.80,-0.29,0.13,0.46,0.47,25.29,21:03:21,48.224845167,15.633374333,283.00,3.69,7;
10.70,-1.09,-1.02,0.33,0.31,0.06,25.29,21:03:22,48.224840833,15.633364333,283.10,1.35,7;
9.65,0.41,0.04,-0.36,-0.22,-0.18,25.28,21:03:23,48.224838500,15.633356500,282.90,1.91,7;
8.40,0.70,-2.40,-3.97,0.09,-0.20,25.26,21:03:24,48.224831667,15.633342167,284.00,3.20,7;
11.41,-1.93,3.99,-3.32,0.90,0.75,25.24,21:03:26,48.224819000,15.633313167,285.30,3.20,7;
3.11,3.36,-1.47,-8.19,-0.67,0.46,25.23,21:03:26,48.224819000,15.633313167,285.30,3.20,7;
10.69,-3.65,6.42,0.62,1.72,-1.24,25.22,21:03:26,48.224819000,15.633313167,285.30,3.20,7;
6.80,1.88,-0.95,-2.98,0.05,3.18,25.22,21:03:26,48.224819000,15.633313167,285.30,3.20,7;
9.33,-0.69,3.95,-0.31,0.73,-0.72,25.20,21:03:26,48.224819000,15.633313167,285.30,3.20,7;
5.85,-2.64,6.04,-4.01,0.94,-0.24,25.20,21:03:31,48.224825167,15.633292833,285.30,2.87,7;
9.35,-0.05,-2.17,-0.60,-0.00,0.28,25.17,21:03:32,48.224825667,15.633283167,288.50,2.17,7;
6.92,0.68,-6.91,-0.03,-0.42,-0.54,25.17,21:03:33,48.224814000,15.633263000,287.60,3.54,7;
3.73,2.91,-5.98,-0.21,1.97,-1.79,25.17,21:03:34,48.224792000,15.633228333,285.00,3.59,7;
9.14,3.78,-0.50,0.06,0.09,0.62,25.17,21:03:35,48.224783833,15.633215500,284.30,2.82,7;
9.57,2.73,1.02,0.00,-0.35,-0.09,25.15,21:03:36,48.224774000,15.633199667,283.60,3.67,7;
9.62,4.81,-0.23,-0.12,-0.16,-0.09,25.14,21:03:37,48.224766333,15.633178500,282.70,4.46,7;
7.67,3.45,0.89,0.22,0.15,0.34,25.15,21:03:39,48.224754667,15.633139167,281.70,4.46,7;
10.09,4.50,1.15,-0.42,0.80,-0.56,25.13,21:03:39,48.224754667,15.633139167,281.70,4.46,7;
7.63,-3.76,4.71,1.96,-0.54,-0.93,25.10,21:03:39,48.224754667,15.633139167,281.70,4.46,7;
10.55,-4.32,3.80,-0.17,0.44,-0.35,25.11,21:03:39,48.224754667,15.633139167,281.70,4.46,7;
7.35,-3.11,1.63,0.56,0.27,-0.69,25.09,21:03:39,48.224754667,15.633139167,281.70,4.46,7;
13.95,-1.68,-0.36,-0.30,-0.33,-0.94,25.08,21:03:44,48.224755167,15.633087833,281.70,2.28,7;
7.99,1.79,1.64,-0.90,0.47,-0.40,25.08,21:03:45,48.224749500,15.633071667,281.70,3.19,7;
12.95,-0.70,8.94,-0.61,1.43,0.37,25.07,21:03:46,48.224749167,15.633063667,280.70,1.89,7;
6.12,-4.69,2.29,-0.09,0.27,-0.58,25.05,21:03:47,48.224752000,15.633052667,280.60,3.43,7;
6.58,-2.78,7.93,1.71,0.54,-0.87,25.03,21:03:48,48.224750333,15.633047333,280.60,0.72,7;
-0.25,-0.46,14.91,0.15,-0.02,0.90,25.02,21:03:49,48.224741667,15.633019500,279.90,6.02,7;
2.83,-0.41,10.49,0.50,2.29,-0.93,25.01,21:03:50,48.224734833,15.633007167,279.90,2.19,7;
-8.89,0.88,6.43,0.54,0.07,-0.32,24.99,21:03:52,48.224719667,15.632980333,278.50,2.19,7;
8.06,1.91,3.26,-1.20,-0.92,-0.74,24.99,21:03:52,48.224719667,15.632980333,278.50,2.19,7;
3.47,1.40,-3.91,0.07,0.93,-0.90,24.97,21:03:52,48.224719667,15.632980333,278.50,2.19,7;
0.92,-2.97,-10.53,-0.09,-0.74,-1.61,24.95,21:03:52,48.224719667,15.632980333,278.50,2.19,7;
-0.62,-2.29,-8.72,0.70,0.30,-0.10,24.96,21:03:52,48.224719667,15.632980333,278.50,2.19,7;
-2.94,-1.01,-9.75,0.96,0.78,0.38,24.94,21:03:57,48.224635167,15.632828833,278.50,7.09,7;
-3.10,-3.85,-6.56,1.57,0.87,0.75,24.94,21:03:58,48.224625333,15.632803667,278.50,4.07,7;
1.21,-5.08,-9.85,-2.74,-1.35,1.97,24.92,21:03:59,48.224623667,15.632807000,266.40,1.30,7;
-1.26,-3.56,-10.17,-0.46,-0.66,-1.18,24.92,21:04:00,48.224604333,15.632807667,270.20,9.70,7;
-1.61,-1.63,-8.02,0.35,0.59,-0.28,24.91,21:04:01,48.224594500,15.632794500,271.50,5.82,7;
-3.34,-0.69,-11.51,2.16,0.71,-0.01,24.90,21:04:02,48.224590000,15.632787333,271.70,2.31,7;
-2.96,-4.59,-6.74,1.12,1.08,0.46,24.90,21:04:04,48.224577000,15.632792167,271.40,6.11,7;
0.18,-3.92,-9.06,-2.25,-0.83,0.14,24.90,21:04:05,48.224576667,15.632770500,272.80,6.11,7;
-1.52,-3.45,-10.38,-0.49,-0.46,-0.40,24.90,21:04:05,48.224576667,15.632770500,272.80,6.11,7;
-1.47,-1.55,-7.25,0.14,0.32,0.07,24.89,21:04:05,48.224576667,15.632770500,272.80,6.11,7;
-4.20,-0.40,-10.48,1.37,0.20,-0.63,24.90,21:04:05,48.224576667,15.632770500,272.80,6.11,7;
-1.79,-4.22,-6.60,-0.56,0.49,-0.02,24.88,21:04:05,48.224576667,15.632770500,272.80,6.11,7;
-0.49,-3.53,-11.22,-1.25,-2.16,0.34,24.89,21:04:10,48.224560833,15.632725667,272.80,1.93,7;
-1.77,-2.63,-12.60,0.48,-0.46,-0.03,24.88,21:04:11,48.224560500,15.632712000,272.80,5.87,7;
1.45,-2.72,-6.47,-0.07,0.20,1.05,24.89,21:04:12,48.224553500,15.632702333,273.90,5.11,7;
-5.07,-1.74,-8.85,1.15,0.59,-0.83,24.87,21:04:13,48.224554833,15.632688833,272.20,3.52,7;
-1.78,-4.30,-6.23,-0.97,0.69,-0.49,24.87,21:04:14,48.224549500,15.632686333,272.10,1.31,7;
-0.72,-3.25,-9.91,-0.81,-2.30,-0.68,24.87,21:04:15,48.224541667,15.632641167,265.50,11.46,7;
-3.48,-2.67,-13.09,0.39,-0.11,-0.48,24.87,21:04:17,48.224530167,15.632624333,266.90,2.63,7;
0.31,-2.14,-7.13,0.33,0.73,0.42,24.86,21:04:17,48.224530167,15.632624333,267.20,2.63,7;
-2.34,-0.63,-11.03,2.20,0.16,0.18,24.86,21:04:17,48.224530167,15.632624333,267.20,2.63,7;
2.23,-5.99,-5.06,-0.33,-0.35,-0.13,24.86,21:04:17,48.224530167,15.632624333,267.20,2.63,7;
6.05,-6.38,-6.34,-1.45,-3.64,-2.67,24.86,21:04:17,48.224530167,15.632624333,267.20,2.63,7;
5.93,-10.25,-6.36,0.66,0.02,-0.13,24.84,21:04:17,48.224530167,15.632624333,267.20,2.63,7;
4.49,-5.32,2.27,-0.63,0.79,-0.29,24.85,21:04:23,48.224496167,15.632536500,267.20,5.35,7;
7.53,-9.20,-6.39,0.85,-0.48,0.78,24.83,21:04:24,48.224493167,15.632512500,267.20,3.72,7;
1.34,-7.84,0.38,0.13,-0.14,-0.34,24.82,21:04:25,48.224489167,15.632498167,271.10,3.87,7;
5.75,-8.13,-0.01,-1.55,-0.33,0.40,24.81,21:04:26,48.224488667,15.632470500,269.30,6.56,7;
4.43,-8.75,-4.36,0.47,-1.61,-0.15,24.79,21:04:27,48.224485000,15.632445500,268.90,6.70,7;
2.45,-8.40,-1.54,0.57,0.27,-0.23,24.77,21:04:28,48.224477500,15.632430833,268.10,5.52,7;
2.45,-7.44,-4.20,-0.68,1.05,0.06,24.77,21:04:30,48.224469833,15.632413000,268.10,3.20,7;
6.87,-8.63,-6.08,-0.52,0.73,-0.98,24.77,21:04:30,48.224469833,15.632413000,270.80,3.20,7;
8.01,-2.09,-3.13,0.43,-0.01,-0.17,24.75,21:04:31,48.224462500,15.632395500,270.60,3.20,7;
8.13,-0.61,-1.44,0.00,0.03,-0.10,24.74,21:04:31,48.224462500,15.632395500,270.60,3.20,7;
11.89,-1.13,-2.20,0.63,0.06,0.48,24.74,21:04:31,48.224462500,15.632395500,270.60,3.20,7;
7.48,-0.08,0.06,-0.28,0.12,-0.22,24.73,21:04:31,48.224462500,15.632395500,270.60,3.20,7;
8.94,-1.34,-0.96,-1.32,0.69,-0.52,24.71,21:04:36,48.224445833,15.632354333,270.60,2.56,7;
12.60,-0.28,-3.34,0.14,-0.17,0.53,24.70,21:04:37,48.224451667,15.632337333,270.60,3.11,7;
9.33,-1.18,-3.22,0.84,0.92,0.54,24.70,21:04:38,48.224452000,15.632313000,273.30,5.44,7;
9.16,-0.57,4.45,-3.17,0.35,1.68,24.67,21:04:39,48.224451667,15.632299833,273.20,2.56,7;
10.79,-1.85,3.59,0.66,-0.42,-0.48,24.67,21:04:40,48.224446500,15.632289833,273.40,3.56,7;
8.83,-1.12,1.58,-1.34,0.54,1.69,24.65,21:04:41,48.224442167,15.632291667,275.90,2.35,7;
11.29,-2.70,2.67,-0.41,0.09,0.06,24.65,21:04:43,48.224438500,15.632275833,276.70,1.87,7;
9.10,-2.15,2.55,0.21,0.14,-0.06,24.64,21:04:43,48.224438500,15.632275833,277.50,1.87,7;
7.57,-0.39,0.12,0.44,0.06,0.60,24.63,21:04:43,48.224438500,15.632275833,277.50,1.87,7;
8.60,1.23,-8.34,0.19,-3.21,-0.93,24.62,21:04:43,48.224438500,15.632275833,277.50,1.87,7;
4.02,1.87,-5.42,-0.52,0.72,0.46,24.61,21:04:43,48.224438500,15.632275833,277.50,1.87,7;
6.15,1.18,-6.63,0.32,0.17,1.34,24.60,21:04:43,48.224438500,15.632275833,277.50,1.87,7;
8.94,-0.32,-7.96,-0.52,-0.52,0.30,24.60,21:04:49,48.224420000,15.632216000,277.50,1.89,7;
4.98,0.67,-9.18,0.20,0.24,-0.63,24.59,21:04:50,48.224414167,15.632209500,277.50,2.37,7;
5.47,1.68,-5.00,0.60,0.30,-0.77,24.58,21:04:51,48.224402000,15.632194000,278.40,4.70,7;
7.56,-0.47,-10.78,-1.55,-1.41,-1.66,24.57,21:04:52,48.224392000,15.632179000,277.90,2.02,7;
2.36,2.88,-8.74,-0.90,0.38,1.16,24.58,21:04:53,48.224386500,15.632172333,278.20,1.94,7;
2.58,3.56,-5.99,1.93,0.27,1.48,24.57,21:04:54,48.224381333,15.632158000,279.60,5.74,7;
3.92,1.01,-8.84,-0.35,-1.24,2.70,24.56,21:04:56,48.224378167,15.632147000,278.90,3.19,7;
2.41,0.54,-12.67,-0.50,-0.23,0.05,24.56,21:04:56,48.224378167,15.632147000,281.40,3.19,7;
0.74,2.61,-5.59,-0.11,-0.29,-0.70,24.56,21:04:56,48.224378167,15.632147000,281.40,3.19,7;
1.64,1.61,-9.13,-0.61,-0.54,0.38,24.55,21:04:56,48.224378167,15.632147000,281.40,3.19,7;
0.53,5.61,-11.30,-1.28,0.35,-1.19,24.55,21:04:56,48.224378167,15.632147000,281.40,3.19,7;
1.33,5.86,-4.07,0.78,1.45,-0.51,24.54,21:04:56,48.224378167,15.632147000,281.40,3.19,7;
2.35,3.23,-8.54,1.04,-1.29,0.28,24.54,21:05:02,48.224340000,15.632063333,281.40,2.04,7;
2.11,2.76,-11.55,-0.41,-0.21,0.51,24.54,21:05:03,48.224351667,15.632051833,281.40,5.56,7;
1.59,2.87,-8.74,-0.56,0.88,-0.92,24.53,21:05:04,48.224346833,15.632045500,276.50,3.78,7;
2.83,3.09,-5.87,0.47,-0.20,-1.05,24.54,21:05:05,48.224336500,15.632020500,273.60,2.28,7;
1.72,2.05,-11.21,-2.62,-0.52,-1.59,24.53,21:05:06,48.224336500,15.632002333,273.00,3.96,7;
1.37,4.17,-5.19,0.10,0.66,0.67,24.52,21:05:07,48.224332000,15.631977667,271.30,5.94,7;
2.21,4.16,-9.66,0.12,-1.38,1.84,24.51,21:05:09,48.224315000,15.632001833,273.70,1.93,7;
1.44,1.42,-11.01,-1.35,0.37,-0.31,24.51,21:05:09,48.224315000,15.632001833,272.90,1.93,7;
3.32,2.91,-6.29,0.69,0.17,-2.91,24.50,21:05:09,48.224315000,15.632001833,272.90,1.93,7;
2.92,1.63,-11.76,-1.16,-0.59,-1.45,24.51,21:05:09,48.224315000,15.632001833,272.90,1.93,7;
3.85,3.89,-6.04,0.88,-0.08,-0.23,24.49,21:05:09,48.224315000,15.632001833,272.90,1.93,7;
2.44,0.87,-10.03,-0.29,-0.36,0.63,24.48,21:05:09,48.224315000,15.632001833,272.90,1.93,7;
0.99,2.57,-7.60,-0.94,1.12,-0.54,24.48,21:05:15,48.224298667,15.631909833,272.90,5.67,7;
1.71,2.23,-7.98,0.63,-0.18,-0.63,24.48,21:05:16,48.224291167,15.631891167,272.90,4.22,7;
0.66,4.41,-12.16,-1.03,-0.07,-0.97,24.47,21:05:17,48.224299500,15.631881167,277.00,5.00,7;
3.65,5.21,-5.57,1.26,0.22,0.35,24.46,21:05:18,48.224300833,15.631870667,277.00,0.76,7;
4.79,1.69,-6.99,-0.16,-2.48,2.13,24.45,21:05:19,48.224289000,15.631848833,276.30,6.61,7;
8.61,0.89,-2.99,-0.77,-0.04,-0.18,24.45,21:05:20,48.224271167,15.631807333,272.10,4.44,7;
7.41,0.98,2.30,0.07,-0.22,-0.50,24.42,21:05:22,48.224259000,15.631724333,274.50,3.67,7;
10.13,5.46,3.48,0.69,0.73,0.67,24.41,21:05:22,48.224259000,15.631724333,272.70,3.67,7;
4.87,1.79,5.07,0.74,0.88,1.10,24.40,21:05:22,48.224259000,15.631724333,272.70,3.67,7;
2.91,-2.67,12.16,0.92,1.07,-3.61,24.39,21:05:22,48.224259000,15.631724333,272.70,3.67,7;
-2.38,-2.89,15.45,-0.81,0.90,-1.22,24.37,21:05:22,48.224259000,15.631724333,272.70,3.67,7;
0.55,-3.56,7.38,0.30,-0.43,0.57,24.36,21:05:22,48.224259000,15.631724333,272.70,3.67,7;
0.23,-1.24,12.57,-0.73,0.39,1.26,24.34,21:05:22,48.224259000,15.631724333,272.70,3.67,7;
-2.95,-6.45,8.00,-0.98,-0.08,0.28,24.32,21:05:29,48.224236167,15.631661500,272.70,3.20,7;
1.61,-5.60,7.11,1.42,-0.27,-0.75,24.30,21:05:30,48.224235167,15.631673000,279.00,1.43,6;
-1.39,-2.08,10.83,1.13,0.93,-0.81,24.28,21:05:31,48.224235333,15.631655833,278.70,3.82,7;
-2.91,-4.16,10.74,-1.11,-0.41,-0.61,24.26,21:05:32,48.224229667,15.631641333,278.70,3.87,7;
0.59,-4.22,8.56,0.29,-0.54,1.67,24.23,21:05:33,48.224222167,15.631626833,277.70,2.72,7;
-5.26,-4.99,14.50,-2.93,0.03,0.27,24.23,21:05:34,48.224220500,15.631618333,278.90,2.30,7;
-1.44,-5.37,6.33,1.13,-0.23,-0.55,24.20,21:05:35,48.224210833,15.631600833,278.00,4.74,7;
-2.22,-4.79,10.43,1.09,1.36,-1.23,24.18,21:05:35,48.224210833,15.631600833,278.00,4.74,7;
-3.31,-3.97,14.67,-0.55,0.93,-0.53,24.17,21:05:35,48.224210833,15.631600833,278.00,4.74,7;
-2.91,-3.72,7.97,-0.35,-1.05,0.37,24.14,21:05:35,48.224210833,15.631600833,278.00,4.74,7;
-4.45,-3.84,15.54,-2.01,0.37,0.21,24.12,21:05:35,48.224210833,15.631600833,278.00,4.74,7;
-0.65,-5.04,7.99,1.46,-0.09,-0.43,24.09,21:05:35,48.224210833,15.631600833,278.00,4.74,7;
-2.83,-3.98,9.28,0.90,1.34,-1.59,24.07,21:05:42,48.224154667,15.631500833,278.00,4.48,7;
-2.38,-3.94,14.68,-0.89,0.37,-0.19,24.05,21:05:43,48.224147500,15.631496667,278.10,2.74,7;
-0.59,-5.11,7.15,-0.09,-0.47,0.41,24.03,21:05:44,48.224142500,15.631492333,278.90,3.15,7;
-1.75,-2.79,9.78,0.29,0.17,0.45,23.99,21:05:45,48.224138000,15.631484000,279.80,3.59,7;
-5.31,-8.18,9.39,-0.62,-1.18,0.42,23.99,21:05:46,48.224127167,15.631458333,277.60,1.74,7;
-0.57,-6.38,6.99,1.13,0.43,-0.11,23.96,21:05:47,48.224125333,15.631453667,279.00,1.43,7;
7.64,6.00,1.24,-0.24,-0.62,-0.83,23.94,21:05:48,48.224123667,15.631443000,279.40,3.65,7;
2.94,8.18,-0.51,-0.02,-0.23,-1.19,23.94,21:05:50,48.224116000,15.631389500,275.60,3.65,7;
6.81,6.49,5.42,0.37,0.19,-1.55,23.92,21:05:50,48.224116000,15.631389500,275.60,3.65,7;
6.17,8.30,5.09,0.46,0.99,0.34,23.90,21:05:50,48.224116000,15.631389500,275.60,3.65,7;
1.99,7.17,1.99,1.99,-1.19,-2.11,23.88,21:05:50,48.224116000,15.631389500,275.60,3.65,7;
12.23,8.31,6.75,-2.10,0.43,1.60,23.86,21:05:50,48.224116000,15.631389500,275.60,3.65,7;
7.62,6.27,3.02,-0.06,0.34,0.88,23.85,21:05:55,48.224094833,15.631336167,275.60,2.89,7;
5.60,3.96,6.62,0.62,-0.08,-1.09,23.83,21:05:56,48.224086333,15.631331167,273.40,2.76,7;
3.01,3.56,9.08,-0.28,1.33,1.20,23.81,21:05:57,48.224092500,15.631330167,273.80,3.22,7;
2.91,-0.44,9.57,0.37,-0.02,-0.66,23.82,21:05:58,48.224092167,15.631328167,274.90,1.57,7;
1.42,2.09,9.23,0.77,-0.16,-1.25,23.81,21:05:59,48.224075667,15.631329167,277.60,6.37,7;
3.23,0.50,9.32,0.50,-0.45,0.79,23.78,21:06:00,48.224063333,15.631296000,275.60,3.80,7;
0.88,1.53,10.01,0.66,0.36,0.47,23.77,21:06:01,48.224058000,15.631290333,280.30,1.30,7;
-5.06,2.10,12.12,-0.07,0.62,2.27,23.75,21:06:01,48.224058000,15.631290333,280.30,1.30,7;
-0.73,-2.89,9.05,1.01,0.09,-1.09,23.73,21:06:01,48.224058000,15.631290333,280.30,1.30,7;
-1.34,0.35,14.28,0.47,-0.17,-0.48,23.72,21:06:01,48.224058000,15.631290333,280.30,1.30,7;
-6.20,0.57,5.66,-0.08,0.11,-0.38,23.70,21:06:01,48.224058000,15.631290333,280.30,1.30,7;
-6.92,1.04,8.96,-1.07,0.05,0.95,23.69,21:06:01,48.224058000,15.631290333,280.30,1.30,7;
-13.46,-0.31,5.40,-1.62,0.14,-0.76,23.68,21:06:08,48.224022500,15.631220167,280.30,3.41,7;
-7.56,-1.51,6.00,1.32,-1.27,0.89,23.65,21:06:09,48.224017333,15.631198333,283.50,3.37,7;
-9.25,-2.94,5.97,2.05,0.77,-0.61,23.64,21:06:10,48.224006000,15.631190500,283.70,5.26,7;
-0.93,1.72,16.40,0.24,0.21,0.15,23.62,21:06:11,48.223999167,15.631165333,284.00,8.17,7;
-3.08,-3.36,7.21,-0.20,0.06,-0.29,23.60,21:06:12,48.223995667,15.631153667,284.40,3.33,7;
-1.78,-2.61,11.27,-0.27,0.68,-0.01,23.60,21:06:13,48.223994167,15.631144167,285.00,2.85,7;
-4.73,-9.09,7.03,-0.95,-0.84,-0.24,23.58,21:06:14,48.223988500,15.631131833,285.50,3.83,7;
-1.36,-7.27,6.81,1.60,0.24,0.32,23.56,21:06:15,48.223979000,15.631105000,285.10,3.83,7;
-3.98,-6.57,6.53,1.21,1.14,-0.89,23.55,21:06:15,48.223979000,15.631105000,285.10,3.83,7;
-6.64,-7.40,12.15,-1.04,0.52,-1.67,23.52,21:06:15,48.223979000,15.631105000,285.10,3.83,7;
-1.72,-4.88,8.28,0.27,-0.82,1.13,23.50,21:06:15,48.223979000,15.631105000,285.10,3.83,7;
-5.47,-2.07,8.10,-0.06,0.82,-0.36,23.48,21:06:15,48.223979000,15.631105000,285.10,3.83,7;
-2.61,-7.73,4.46,0.26,-0.44,-0.26,23.47,21:06:21,48.223955167,15.630998333,285.10,2.89,7;
-2.41,-6.17,6.27,1.79,0.21,-0.50,23.44,21:06:22,48.223949000,15.630983500,277.40,1.30,7;
-4.57,-7.46,7.83,1.37,1.57,-1.08,23.43,21:06:23,48.223945833,15.630957667,277.00,7.78,7;
-5.40,-6.14,13.74,-0.66,0.45,-0.57,23.40,21:06:24,48.223940333,15.630931000,277.30,8.13,7;
-4.30,-4.92,7.05,-0.58,-0.27,-0.24,23.39,21:06:25,48.223925667,15.630920500,277.10,6.67,7;
-2.61,-3.61,9.37,0.19,-0.36,0.34,23.37,21:06:26,48.223917667,15.630900667,275.20,3.37,7;
-7.42,-4.42,10.62,-2.57,-0.59,-0.51,23.36,21:06:27,48.223919500,15.630890000,275.20,1.81,7;
-3.76,-6.46,6.15,0.43,-0.45,-0.57,23.35,21:06:28,48.223918500,15.630883000,276.80,1.81,7;
-2.18,-5.91,9.99,1.55,0.96,0.33,23.33,21:06:28,48.223918500,15.630883000,276.80,1.81,7;
-6.06,-2.67,9.66,1.28,0.67,-1.30,23.31,21:06:28,48.223918500,15.630883000,276.80,1.81,7;
-4.02,-4.02,9.21,-0.23,-0.86,0.49,23.29,21:06:28,48.223918500,15.630883000,276.80,1.81,7;
-2.05,-3.71,7.31,-0.03,-0.66,-0.04,23.27,21:06:28,48.223918500,15.630883000,276.80,1.81,7;
-7.81,-0.53,10.18,-0.71,0.81,0.50,23.25,21:06:34,48.223885167,15.630813833,276.80,9.96,7;
-4.06,-7.28,10.33,-1.22,-0.22,0.53,23.23,21:06:35,48.223872667,15.630810333,276.80,5.11,7;
-1.33,-5.31,8.52,1.16,0.10,0.17,23.21,21:06:36,48.223861500,15.630792833,276.10,7.11,7;
-3.95,-2.56,11.06,-0.40,0.69,-0.81,23.20,21:06:37,48.223858167,15.630779000,276.50,4.04,7;
-2.90,-2.79,8.86,-0.44,-1.33,0.50,23.19,21:06:38,48.223853833,15.630760000,276.30,4.91,7;
1.13,-1.34,11.20,1.32,0.16,0.13,23.18,21:06:39,48.223852500,15.630747667,276.30,3.07,7;
0.43,-2.13,9.25,-0.48,-0.39,0.37,23.16,21:06:41,48.223853000,15.630700667,278.60,6.67,7;
8.61,1.61,6.85,-1.23,-2.29,-0.21,23.14,21:06:42,48.223847833,15.630688167,275.80,6.67,7;
9.30,5.94,1.56,-0.08,1.89,0.20,23.13,21:06:42,48.223847833,15.630688167,275.80,6.67,7;
-6.89,2.62,6.00,-1.02,-0.44,0.50,23.11,21:06:42,48.223847833,15.630688167,275.80,6.67,7;
-13.04,1.50,4.65,-1.94,0.33,-1.23,23.11,21:06:42,48.223847833,15.630688167,275.80,6.67,7;
6.78,2.68,9.40,-0.42,-0.61,-0.70,23.07,21:06:42,48.223847833,15.630688167,275.80,6.67,7;
7.35,2.47,-2.53,2.63,-1.14,1.56,23.05,21:06:47,48.223803667,15.630607500,275.80,2.13,7;
4.77,-0.31,-9.22,1.22,-0.91,-1.61,23.05,21:06:48,48.223805667,15.630610500,275.80,1.94,7;
1.48,-0.67,-10.13,-0.94,-0.42,1.19,23.04,21:06:49,48.223807667,15.630615500,268.70,1.44,7;
4.88,-2.48,-6.07,-0.99,-0.40,-0.84,23.04,21:06:50,48.223804833,15.630627333,269.70,2.59,7;
4.08,-2.47,-8.71,0.57,0.32,-1.38,23.03,21:06:51,48.223805667,15.630633833,270.50,0.78,7;
5.45,-1.54,-7.54,-0.37,-0.29,0.26,23.04,21:06:52,48.223800667,15.630623667,267.90,1.31,7;
3.74,-0.24,-7.75,0.63,-0.45,-1.12,23.04,21:06:54,48.223792500,15.630620500,267.20,0.41,7;
2.44,-2.39,-7.66,1.10,0.21,0.86,23.04,21:06:54,48.223792500,15.630620500,266.20,0.41,7;
8.62,6.41,0.38,-2.50,1.87,1.71,23.04,21:06:54,48.223792500,15.630620500,266.20,0.41,7;
8.68,-2.20,0.55,-2.36,-0.64,0.57,23.02,21:06:54,48.223792500,15.630620500,266.20,0.41,7;
8.57,-4.08,-2.52,-4.10,-0.18,1.65,23.02,21:06:54,48.223792500,15.630620500,266.20,0.41,7;
9.31,3.05,2.52,-0.05,0.38,-0.06,23.02,21:06:54,48.223792500,15.630620500,266.20,0.41,7;
7.78,1.44,5.31,-0.35,0.92,0.33,23.00,21:07:00,48.223781167,15.630621333,266.20,0.06,7;
4.68,-3.06,8.06,0.47,-0.16,0.28,23.00,21:07:01,48.223784500,15.630620667,266.20,1.04,7;
4.98,-0.11,9.21,-0.47,-0.04,0.32,22.97,21:07:02,48.223783833,15.630617667,267.70,1.50,6;
7.54,-5.95,3.94,-0.14,0.05,-0.19,22.97,21:07:03,48.223793833,15.630610667,268.00,0.65,6;
6.79,-6.39,4.23,0.06,0.02,0.04,22.97,21:07:04,48.223792000,15.630607500,268.20,0.31,7;
6.70,-6.37,3.89,-0.12,0.12,0.09,22.95,21:07:05,48.223791500,15.630608167,269.10,0.04,7;
8.88,-0.61,8.54,0.96,-0.16,-1.62,22.94,21:07:07,48.223788667,15.630617833,270.40,1.17,7;
0.22,8.90,2.95,0.18,-0.14,-0.09,22.94,21:07:07,48.223788667,15.630617833,271.70,1.17,7;
